Problema,Solver,Status,Tempo_Segundos,Valor_Objetivo,F_Star,Gap,Dual_Infeasibility,Primal_Infeasibility,Iteracoes,Timestamp
abel,Ipopt,LOCALLY_SOLVED,4.2624297,225.1945831860207,225.1946,7.433413220484903e-8,-5064.996489791811,NaN,6,2026-05-23T06:18:30.028
alkyl,Ipopt,LOCALLY_SOLVED,0.2710018,-1.764999652373902,-1.765,1.257237243788044e-7,36.213349583477246,NaN,13,2026-05-23T06:18:31.176
camshape100,Ipopt,ERRO: LoadError,300.0,NaN,-4.2841,NaN,NaN,NaN,0,2026-05-23T06:18:31.825
camshape200,Ipopt,ERRO: LoadError,300.0,NaN,-4.2785,NaN,NaN,NaN,0,2026-05-23T06:18:31.830
catmix100,Ipopt,ERRO: LoadError,300.0,NaN,-0.0481,NaN,NaN,NaN,0,2026-05-23T06:18:31.873
catmix200,Ipopt,ERRO: LoadError,300.0,NaN,-0.0481,NaN,NaN,NaN,0,2026-05-23T06:18:31.879
chain100,Ipopt,ERRO: LoadError,300.0,NaN,5.0698,NaN,NaN,NaN,0,2026-05-23T06:18:32.134
chain200,Ipopt,ERRO: LoadError,300.0,NaN,5.0689,NaN,NaN,NaN,0,2026-05-23T06:18:32.245
chain400,Ipopt,ERRO: LoadError,300.0,NaN,5.0686,NaN,NaN,NaN,0,2026-05-23T06:18:33.436
chain50,Ipopt,LOCALLY_SOLVED,0.1412304,5.072261484923286,5.0723,6.342749323089416e-6,10.008404698706455,NaN,6,2026-05-23T06:18:34.178
chakra,Ipopt,LOCALLY_SOLVED,0.034377,-179.1335578648913,-179.1336,2.3391032386013484e-7,-12.40568365939207,NaN,7,2026-05-23T06:18:34.402
chance,Ipopt,LOCALLY_SOLVED,0.0029901,29.894378396293284,29.8944,6.992758142863555e-7,21.273015968426943,NaN,6,2026-05-23T06:18:34.483
chem,Ipopt,LOCALLY_SOLVED,0.0061615,-47.706514743633605,-47.7065,3.0270361463929516e-7,-47.70651573991319,NaN,19,2026-05-23T06:18:34.566
chenery,Ipopt,LOCALLY_SOLVED,0.235252,-1058.9198550997796,-1058.9199,4.2361899680541544e-8,-1042.8670217034116,NaN,16,2026-05-23T06:18:35.053
circle,Ipopt,LOCALLY_SOLVED,0.0035817,4.574248056536788,4.5742,8.621243727763592e-6,0.0,NaN,8,2026-05-23T06:18:35.098
demo7,Ipopt,ERRO: LoadError,300.0,NaN,-1.5890423862e6,NaN,NaN,NaN,0,2026-05-23T06:18:35.102
dispatch,Ipopt,LOCALLY_SOLVED,0.0040178,3155.287899600138,3155.2879,1.2668730864862561e-10,2743.9834616747235,NaN,10,2026-05-23T06:18:35.124
elec25,Ipopt,ERRO: LoadError,300.0,NaN,243.8127,NaN,NaN,NaN,0,2026-05-23T06:18:35.201
elec50,Ipopt,LOCALLY_SOLVED,1.7921974,1055.182314726296,1055.182,2.979849078878799e-7,-527.591157363147,NaN,157,2026-05-23T06:18:37.197
etamac,Ipopt,ERRO: LoadError,300.0,NaN,-15.2947,NaN,NaN,NaN,0,2026-05-23T06:18:37.355
ex14_1_1,Ipopt,LOCALLY_SOLVED,0.3320246,3.536363635736702e-7,0.0,3.536363635736702e-7,-4.4627178213675155e-8,NaN,7,2026-05-23T06:18:38.401
ex14_1_2,Ipopt,LOCALLY_SOLVED,0.0366337,7.172657227952012e-7,0.0,7.172657227952012e-7,3.1186748295422777e-9,NaN,19,2026-05-23T06:18:38.608
ex14_1_3,Ipopt,LOCALLY_SOLVED,0.0113437,3.536335409848448e-7,0.0,3.536335409848448e-7,-9.102666743418329e-8,NaN,26,2026-05-23T06:18:38.704
ex14_1_4,Ipopt,LOCALLY_SOLVED,0.0096054,3.542762118366741e-7,0.0,3.542762118366741e-7,4.859592750142292e-7,NaN,17,2026-05-23T06:18:38.765
ex14_1_5,Ipopt,LOCALLY_SOLVED,0.0041283,1.7182403393101968e-7,0.0,1.7182403393101968e-7,-6.081750565727987e-7,NaN,8,2026-05-23T06:18:38.816
ex14_1_6,Ipopt,ALMOST_LOCALLY_SOLVED,0.0257744,1.0000018819010406,0.0,1.0000018819010406,0.9999218528943863,NaN,26,2026-05-23T06:18:38.977
ex14_1_7,Ipopt,LOCALLY_SOLVED,0.0225725,0.13499102573876606,0.0,0.13499102573876606,-1.254174925264606e-6,NaN,51,2026-05-23T06:18:39.178
ex14_1_8,Ipopt,LOCALLY_SOLVED,0.0044229,0.041416057548533405,0.0,0.041416057548533405,0.0,NaN,10,2026-05-23T06:18:39.315
ex14_1_9,Ipopt,LOCALLY_SOLVED,0.0041898,1.7182201846351403e-7,0.0,1.7182201846351403e-7,3.2358580547990365e-8,NaN,10,2026-05-23T06:18:39.346
ex14_2_1,Ipopt,LOCALLY_SOLVED,0.0056369,6.272659507397912e-7,0.0,6.272659507397912e-7,-1.1925147020959438e-7,NaN,9,2026-05-23T06:18:39.419
ex14_2_2,Ipopt,LOCALLY_SOLVED,0.0036672,4.445458606675099e-7,0.0,4.445458606675099e-7,-1.6117530199909994e-7,NaN,5,2026-05-23T06:18:39.443
ex14_2_3,Ipopt,LOCALLY_SOLVED,0.0051664,8.083714280691245e-7,0.0,8.083714280691245e-7,-3.736318559645115e-7,NaN,10,2026-05-23T06:18:39.507
ex14_2_4,Ipopt,LOCALLY_SOLVED,0.0039895,6.263834778144397e-7,0.0,6.263834778144397e-7,-3.818757995344813e-7,NaN,9,2026-05-23T06:18:39.560
ex14_2_5,Ipopt,LOCALLY_SOLVED,0.0038909,4.445522909527506e-7,0.0,4.445522909527506e-7,-5.143524294285661e-8,NaN,8,2026-05-23T06:18:39.588
ex14_2_6,Ipopt,LOCALLY_SOLVED,0.005147,6.267743872987418e-7,0.0,6.267743872987418e-7,-3.029056917747423e-7,NaN,12,2026-05-23T06:18:39.821
ex14_2_7,Ipopt,LOCALLY_SOLVED,0.0058495,6.262886208206013e-7,0.0,6.262886208206013e-7,-2.899513045080645e-7,NaN,12,2026-05-23T06:18:39.906
ex14_2_8,Ipopt,LOCALLY_SOLVED,0.0062758,4.4463670099874214e-7,0.0,4.4463670099874214e-7,-1.5462358546459754e-7,NaN,9,2026-05-23T06:18:39.945
ex14_2_9,Ipopt,LOCALLY_SOLVED,0.0043144,4.445426784275125e-7,0.0,4.445426784275125e-7,-7.208632903395348e-8,NaN,5,2026-05-23T06:18:39.995
ex2_1_1,Ipopt,LOCALLY_SOLVED,0.003492,-17.00000214045563,-17.0,1.1891420174473903e-7,-167.00000260030922,NaN,7,2026-05-23T06:18:40.051
ex2_1_10,Ipopt,LOCALLY_SOLVED,0.011038,49318.01003319735,49318.018,1.6153611664895204e-7,-676103.1422080005,NaN,21,2026-05-23T06:18:40.152
ex2_1_2,Ipopt,LOCALLY_SOLVED,0.0047598,-213.00000345955095,-213.0,1.6166125949843193e-8,-214.5000001387761,NaN,7,2026-05-23T06:18:40.184
ex2_1_3,Ipopt,LOCALLY_SOLVED,0.0036049,-14.999998907803691,-15.0,6.826226928158263e-8,-35.00000017539179,NaN,6,2026-05-23T06:18:40.240
ex2_1_4,Ipopt,LOCALLY_SOLVED,0.0032186,-10.999999669538608,-11.0,2.753844929870297e-8,-11.000000454495686,NaN,7,2026-05-23T06:18:40.480
ex2_1_5,Ipopt,LOCALLY_SOLVED,0.0044395,64.42027498830302,-268.0146,1.235750308675823,71.00945486245735,NaN,11,2026-05-23T06:18:40.559
ex2_1_6,Ipopt,LOCALLY_SOLVED,0.0033306,-39.00000435090808,-39.0,1.0877270195663868e-7,-389.00000630759786,NaN,7,2026-05-23T06:18:40.592
ex2_1_7,Ipopt,LOCALLY_SOLVED,0.0065554,1.1799393678462222e-6,-4150.4101,0.9997591182764476,-0.03240237575747557,NaN,17,2026-05-23T06:18:40.668
ex2_1_8,Ipopt,LOCALLY_SOLVED,0.009103,15638.999918557325,15639.0,5.207332151839534e-9,-3062.0000693856855,NaN,21,2026-05-23T06:18:40.729
ex2_1_9,Ipopt,LOCALLY_SOLVED,0.0030313,-0.3749994820129635,-0.375,3.767178447169137e-7,-0.7499998456159358,NaN,6,2026-05-23T06:18:40.755
ex3_1_1,Ipopt,LOCALLY_SOLVED,0.0038863,7049.2479068520925,7049.2083,5.61782721968937e-6,-491.0114028669976,NaN,8,2026-05-23T06:18:40.797
ex3_1_2,Ipopt,LOCALLY_SOLVED,0.0036475,-30665.538862787453,-30665.54,3.7083171045745795e-8,-29419.852829627314,NaN,9,2026-05-23T06:18:40.822
ex3_1_3,Ipopt,LOCALLY_SOLVED,0.0042183,-310.00000892400703,-310.0,2.8694556378725756e-8,-948.0364383486742,NaN,10,2026-05-23T06:18:40.855
ex3_1_4,Ipopt,LOCALLY_SOLVED,0.0034109,-3.999999782280297,-4.0,4.354394063099676e-8,-4.4999991555557335,NaN,6,2026-05-23T06:18:40.876
ex4_1_1,Ipopt,LOCALLY_SOLVED,0.0054307,-0.5199780610800272,-7.4873,0.8209114723080334,-5.583801782600076e-8,NaN,17,2026-05-23T06:18:40.890
ex4_1_2,Ipopt,LOCALLY_SOLVED,0.0036049,-663.5000966104999,-663.5001,5.100827042343808e-9,8.971642548754689e-7,NaN,8,2026-05-23T06:18:40.912
ex4_1_3,Ipopt,LOCALLY_SOLVED,0.0039815,-443.67170474112413,-443.6717,1.0662077537085613e-8,-1.037007812322426e-7,NaN,5,2026-05-23T06:18:40.925
ex4_1_4,Ipopt,ERRO: LoadError,300.0,NaN,0.0,NaN,NaN,NaN,0,2026-05-23T06:18:40.927
ex4_1_5,Ipopt,LOCALLY_SOLVED,0.0026009,-3.5075103138062616e-14,0.0,3.5075103138062616e-14,-1.8181825015371263e-7,NaN,5,2026-05-23T06:18:41.047
ex4_1_6,Ipopt,LOCALLY_SOLVED,0.0030915,6.999999999999664,7.0,4.196643033083092e-14,-1.7045454189652434e-7,NaN,5,2026-05-23T06:18:41.060
ex4_1_7,Ipopt,LOCALLY_SOLVED,0.0027141,-7.499999999999999,-7.5,1.0449157878825003e-16,-3.7878791364356914e-8,NaN,5,2026-05-23T06:18:41.071
ex4_1_8,Ipopt,LOCALLY_SOLVED,0.0029113,-16.738893184394648,-16.7389,3.8421803792700287e-7,0.0,NaN,5,2026-05-23T06:18:41.091
ex4_1_9,Ipopt,LOCALLY_SOLVED,0.0031677,-5.508013099783022,-5.508,2.012873850935152e-6,-6.179699056851728e-7,NaN,5,2026-05-23T06:18:41.114
ex5_2_2_case1,Ipopt,LOCALLY_SOLVED,0.0079397,-400.00000351415423,-400.0,8.763476882377472e-9,-400.0000002045457,NaN,21,2026-05-23T06:18:41.159
ex5_2_2_case2,Ipopt,LOCALLY_SOLVED,0.0068487,-400.00000351414064,-600.0,0.33277869631590573,-400.00000020454553,NaN,20,2026-05-23T06:18:41.199
ex5_2_2_case3,Ipopt,LOCALLY_SOLVED,0.0079664,-750.0000069309508,-750.0,9.228962454737131e-9,-750.0000001630591,NaN,23,2026-05-23T06:18:41.234
ex5_2_4,Ipopt,LOCALLY_SOLVED,0.0092033,-450.00000550493826,-450.0,1.2206071525781302e-8,1799.99997580937,NaN,25,2026-05-23T06:18:41.266
ex5_2_5,Ipopt,LOCALLY_SOLVED,0.097906,-3500.0000463635024,-3500.0001,1.5320335979455036e-8,9882.316389493113,NaN,164,2026-05-23T06:18:41.495
ex5_3_2,Ipopt,LOCALLY_SOLVED,0.0151561,1.8641600035160324,1.8642,1.3964277622961331e-5,1.2573591388980994,NaN,39,2026-05-23T06:18:41.573
ex5_3_3,Ipopt,LOCALLY_SOLVED,0.1053176,3.2340193138039615,3.234,4.561597534594651e-6,2.9762129125377896,NaN,114,2026-05-23T06:18:41.881
ex5_4_2,Ipopt,LOCALLY_SOLVED,0.0118426,7512.230016692179,7512.2259,5.47926048421628e-7,776.6521348344817,NaN,23,2026-05-23T06:18:41.933
ex5_4_3,Ipopt,LOCALLY_SOLVED,0.0335366,4845.461995633683,4845.462,9.009288890909294e-10,-21031.157366965053,NaN,77,2026-05-23T06:18:42.013
ex5_4_4,Ipopt,LOCALLY_SOLVED,0.032728,11480.489876644138,10077.7754,0.13917509032338768,-169754.85920521547,NaN,76,2026-05-23T06:18:42.113
ex6_1_1,Ipopt,LOCALLY_SOLVED,0.0042436,-0.017577543290618603,-0.0202,0.0025705319637143657,-0.017577559253809452,NaN,10,2026-05-23T06:18:42.140
ex6_1_2,Ipopt,LOCALLY_SOLVED,0.0055367,-0.032463750102219295,-0.0325,3.5108859836034895e-5,0.9675360688487302,NaN,16,2026-05-23T06:18:42.167
ex6_1_3,Ipopt,LOCALLY_SOLVED,0.0117813,-0.3243487944438227,-0.3525,0.020814200041535884,-0.32434879592851906,NaN,31,2026-05-23T06:18:42.210
ex6_1_4,Ipopt,LOCALLY_SOLVED,0.0059363,-0.29454128755514586,-0.2945,3.1894596481942584e-5,0.7054584402023731,NaN,17,2026-05-23T06:18:42.236
ex6_2_10,Ipopt,LOCALLY_SOLVED,0.0063384,-3.0519761257399804,-3.052,5.891969402664426e-6,-3.05197666761454,NaN,17,2026-05-23T06:18:42.296
ex6_2_11,Ipopt,LOCALLY_SOLVED,0.0042079,-2.6755481089693154e-6,0.0,2.6755481089693154e-6,-2.9473483711901555e-6,NaN,10,2026-05-23T06:18:42.320
ex6_2_12,Ipopt,LOCALLY_SOLVED,0.0066359,0.28919474850159466,0.2892,4.073455170149267e-6,0.28919444115124626,NaN,14,2026-05-23T06:18:42.351
ex6_2_13,Ipopt,LOCALLY_SOLVED,0.0052118,-0.21620943687699165,-0.2162,7.759313428422566e-6,-0.2162094368854176,NaN,7,2026-05-23T06:18:42.389
ex6_2_14,Ipopt,LOCALLY_SOLVED,0.0173225,-0.6953580850192926,-0.6954,2.472276790573341e-5,-0.8111030229188991,NaN,22,2026-05-23T06:18:42.434
ex6_2_5,Ipopt,LOCALLY_SOLVED,0.0208379,-70.75207783301494,-70.7521,3.0893848489095824e-7,-70.75207833338851,NaN,21,2026-05-23T06:18:42.519
ex6_2_6,Ipopt,LOCALLY_SOLVED,0.0061857,7.106089009136065e-7,0.0,7.106089009136065e-7,5.962787139351218e-7,NaN,5,2026-05-23T06:18:42.562
ex6_2_7,Ipopt,LOCALLY_SOLVED,0.0118574,-0.16084761544151482,-0.1608,4.101950509547342e-5,-0.1608482910625082,NaN,15,2026-05-23T06:18:42.661
ex6_2_8,Ipopt,LOCALLY_SOLVED,0.0107281,-0.027006349464176238,-0.027,6.182535712013979e-6,-0.027006550213676015,NaN,9,2026-05-23T06:18:42.706
ex6_2_9,Ipopt,LOCALLY_SOLVED,0.0155521,-0.034066184014607905,-0.0341,3.270088520655048e-5,-0.03406652954500968,NaN,15,2026-05-23T06:18:42.770
ex7_2_1,Ipopt,LOCALLY_SOLVED,0.034279,1227.2254372624395,1227.1896,2.9178933317461514e-5,-16671.530407595947,NaN,32,2026-05-23T06:18:42.861
ex7_2_2,Ipopt,LOCALLY_SOLVED,0.0136356,-0.38881134430338415,-0.3888,8.168421215564054e-6,-2.936040779133669e-7,NaN,12,2026-05-23T06:18:42.905
ex7_2_3,Ipopt,LOCALLY_SOLVED,0.0148924,7049.247655710496,7049.2181,4.192169671391455e-6,-12284.690157728917,NaN,25,2026-05-23T06:18:43.046
ex7_2_4,Ipopt,LOCALLY_SOLVED,0.0258997,4.202853392667232,3.918,0.057920575979510384,0.01257323972019198,NaN,29,2026-05-23T06:18:43.104
ex7_3_1,Ipopt,LOCALLY_SOLVED,0.0223785,0.3417399005772451,0.3417,2.973882182687799e-5,0.8360141145065089,NaN,35,2026-05-23T06:18:43.161
ex7_3_2,Ipopt,LOCALLY_SOLVED,0.0102964,1.089864272543667,1.0899,1.7095294671122475e-5,4.779895542089641,NaN,14,2026-05-23T06:18:43.220
ex7_3_3,Ipopt,LOCALLY_SOLVED,0.0058264,1.1447800131395445,0.8175,0.18007153405201898,0.8793668191805031,NaN,8,2026-05-23T06:18:43.260
ex7_3_4,Ipopt,OTHER_ERROR,0.0069963,0.0,6.2746,0.8625353971352376,0.0,NaN,1,2026-05-23T06:18:43.481
ex7_3_5,Ipopt,OTHER_ERROR,0.0055596,0.0,1.2036,0.546197131965874,0.0,NaN,1,2026-05-23T06:18:43.617
ex7_3_6,Ipopt,LOCALLY_INFEASIBLE,0.050684,-3.0997171972481133e-9,0.0,3.0997171972481133e-9,0.03177335965065042,NaN,94,2026-05-23T06:18:43.784
ex8_1_1,Ipopt,LOCALLY_SOLVED,0.0028296,-2.0218067141488185,-2.0218,2.221903772155127e-6,-2.16988606947076,NaN,6,2026-05-23T06:18:43.798
ex8_1_2,Ipopt,LOCALLY_SOLVED,0.0055679,-0.7969798941343352,-1.0709,0.13227104440854928,0.0,NaN,11,2026-05-23T06:18:43.816
ex8_1_3,Ipopt,LOCALLY_SOLVED,0.0520337,839.9999999999249,3.0,209.2499999999812,0.0,NaN,117,2026-05-23T06:18:43.882
ex8_1_4,Ipopt,LOCALLY_SOLVED,0.0013849,0.0,0.0,0.0,0.0,NaN,0,2026-05-23T06:18:43.896
ex8_1_5,Ipopt,LOCALLY_SOLVED,0.0015705,0.0,-1.0316,0.5077771214806064,0.0,NaN,0,2026-05-23T06:18:43.909
ex8_1_6,Ipopt,LOCALLY_SOLVED,0.0036003,-5.065439735221009,-10.086,0.45287391888679335,0.0,NaN,8,2026-05-23T06:18:43.932
ex8_1_7,Ipopt,LOCALLY_SOLVED,0.0101051,0.029310827102857796,0.0293,1.0518899113763376e-5,0.2496423928562187,NaN,30,2026-05-23T06:18:44.061
ex8_2_1,Ipopt,ITERATION_LIMIT,5.9010081,2.8232756000026474e9,-979.1783,2.880370417485214e6,0.0048542014456999655,NaN,5000,2026-05-23T06:18:50.119
ex8_2_4,Ipopt,ERRO: LoadError,300.0,NaN,-5.83073983917e7,NaN,NaN,NaN,0,2026-05-23T06:18:50.288
ex8_3_1,Ipopt,ERRO: LoadError,300.0,NaN,-0.7937,NaN,NaN,NaN,0,2026-05-23T06:18:50.581
ex8_3_10,Ipopt,ITERATION_LIMIT,3.8081788,-6.529657760561478e8,-0.8845,3.464928496533021e8,-5.98742433300973e7,NaN,5000,2026-05-23T06:18:55.019
ex8_3_12,Ipopt,ERRO: LoadError,300.0,NaN,-0.5825,NaN,NaN,NaN,0,2026-05-23T06:18:55.200
ex8_3_13,Ipopt,ERRO: LoadError,300.0,NaN,-42.3904,NaN,NaN,NaN,0,2026-05-23T06:18:55.378
ex8_3_14,Ipopt,LOCALLY_SOLVED,0.0099718,-100.00000090909087,-2.4124,28.597937202288968,-100.00000334239499,NaN,15,2026-05-23T06:18:55.624
ex8_3_2,Ipopt,ERRO: LoadError,300.0,NaN,-0.4123,NaN,NaN,NaN,0,2026-05-23T06:18:55.845
ex8_3_3,Ipopt,ERRO: LoadError,300.0,NaN,-0.4166,NaN,NaN,NaN,0,2026-05-23T06:18:56.027
ex8_3_4,Ipopt,ERRO: LoadError,300.0,NaN,-3.58,NaN,NaN,NaN,0,2026-05-23T06:18:56.226
ex8_3_5,Ipopt,LOCALLY_SOLVED,0.013665,-10.000000009090602,-0.0688,9.2919161761701,-10.000004087070643,NaN,26,2026-05-23T06:18:56.418
ex8_3_6,Ipopt,ERRO: LoadError,300.0,NaN,-0.5,NaN,NaN,NaN,0,2026-05-23T06:18:56.591
ex8_3_7,Ipopt,ERRO: LoadError,300.0,NaN,-1.2326,NaN,NaN,NaN,0,2026-05-23T06:18:56.757
ex8_3_8,Ipopt,ERRO: LoadError,300.0,NaN,-3.2468,NaN,NaN,NaN,0,2026-05-23T06:18:56.885
ex8_3_9,Ipopt,LOCALLY_SOLVED,0.0064264,-0.7416198487095647,-0.763,0.012127141968482903,-3.924507603900191e-6,NaN,12,2026-05-23T06:18:57.054
ex8_4_1,Ipopt,LOCALLY_SOLVED,0.0043673,0.6185727594315192,0.6186,1.6829709922650388e-5,-2.5001461015690505e-6,NaN,8,2026-05-23T06:18:57.108
ex8_4_2,Ipopt,LOCALLY_SOLVED,0.0049098,0.48515248692405766,0.4852,3.1991028778859774e-5,-1.140235761237028e-6,NaN,11,2026-05-23T06:18:57.167
ex8_4_3,Ipopt,LOCALLY_SOLVED,0.0089173,0.004649715587153878,0.0046,4.9487942617836083e-5,7.259453728651253e-9,NaN,16,2026-05-23T06:18:57.266
ex8_4_4,Ipopt,LOCALLY_SOLVED,0.0067004,0.21245983825513132,0.2125,3.312308855148661e-5,1.9657066517612117e-6,NaN,9,2026-05-23T06:18:57.327
ex8_4_5,Ipopt,LOCALLY_SOLVED,0.0135674,0.0012253753779168431,0.0003,0.0009250978485622745,-0.005638573892235046,NaN,22,2026-05-23T06:18:57.392
ex8_4_6,Ipopt,LOCALLY_SOLVED,0.0137048,0.0011049789651165582,0.0011,4.973494272858025e-6,-4.998835875832876e-7,NaN,23,2026-05-23T06:18:57.458
ex8_4_7,Ipopt,LOCALLY_SOLVED,0.0068389,29.047306721620732,28.898,0.004993869878277216,-6.355620117732164e-7,NaN,12,2026-05-23T06:18:57.590
ex8_4_8,Ipopt,LOCALLY_SOLVED,0.0226999,3.321847314106423,3.3218,1.0947777875654137e-5,-2.6276817703780898e-5,NaN,51,2026-05-23T06:18:57.695
ex8_5_1,Ipopt,LOCALLY_SOLVED,0.0047567,-4.071941712543472e-7,0.0,4.071941712543472e-7,0.10149786979591853,NaN,12,2026-05-23T06:18:57.725
ex8_5_2,Ipopt,LOCALLY_SOLVED,0.0135586,-1.1877054531124378e-8,-0.0002,0.00019994813331880514,-0.706734059682768,NaN,35,2026-05-23T06:18:57.763
ex8_5_3,Ipopt,LOCALLY_SOLVED,0.0047846,4.093184273053807e-5,-0.0042,0.004223194426140747,0.2131899335513015,NaN,12,2026-05-23T06:18:57.789
ex8_5_4,Ipopt,LOCALLY_SOLVED,0.0054139,-0.00042514719168953427,-0.0004,2.513713683480033e-5,0.058134052141448796,NaN,10,2026-05-23T06:18:57.821
ex8_5_5,Ipopt,LOCALLY_SOLVED,0.0077512,6.455770596896704e-7,-0.0108,0.010685244931796291,-0.030299415998401868,NaN,9,2026-05-23T06:18:57.872
ex8_5_6,Ipopt,LOCALLY_SOLVED,0.0088737,9.880170581295608e-7,-0.0012,0.0011995485587875843,-0.09849876560934896,NaN,9,2026-05-23T06:18:57.925
ex8_6_1,Ipopt,ERRO: LoadError,300.0,NaN,-28.4225,NaN,NaN,NaN,0,2026-05-23T06:18:58.189
ex8_6_2,Ipopt,LOCALLY_SOLVED,0.3197474,-31.888629634850282,-31.8886,9.010675517406824e-7,-5.673427484075768e-7,NaN,438,2026-05-23T06:18:58.614
ex9_1_1,Ipopt,ALMOST_LOCALLY_SOLVED,0.0098106,-12.994345689349256,-13.0,0.0004038793321960047,-13.01131546476688,NaN,23,2026-05-23T06:18:58.665
ex9_1_2,Ipopt,LOCALLY_SOLVED,0.01056,-3.0,-16.0,0.7647058823529411,-3.0000004545281778,NaN,32,2026-05-23T06:18:58.715
ex9_1_4,Ipopt,LOCALLY_SOLVED,0.0144797,-36.99999999999999,-37.0,1.8698493046318425e-16,-37.0000004137025,NaN,43,2026-05-23T06:18:58.777
ex9_1_5,Ipopt,LOCALLY_SOLVED,0.0096888,4.0,-1.0,2.5,3.999999272731076,NaN,25,2026-05-23T06:18:58.831
ex9_1_8,Ipopt,ALMOST_LOCALLY_SOLVED,0.0189546,-3.2499944956579188,-3.25,1.2951393132333486e-6,-2.330981568694101,NaN,41,2026-05-23T06:18:58.888
ex9_2_2,Ipopt,LOCALLY_SOLVED,0.009229,100.00000007738763,99.9995,4.951285774955167e-6,299.9999996364152,NaN,26,2026-05-23T06:18:58.937
ex9_2_3,Ipopt,LOCALLY_SOLVED,0.0108028,4.999999966818192,0.0,4.999999966818192,4.999999547110228,NaN,27,2026-05-23T06:18:59.011
ex9_2_4,Ipopt,LOCALLY_SOLVED,0.0066778,0.5000000000000069,0.5,4.588921835117314e-15,2.9999997883374387,NaN,20,2026-05-23T06:18:59.062
ex9_2_5,Ipopt,LOCALLY_SOLVED,0.0094913,9.000000000000002,5.0,0.666666666666667,42.99999969698061,NaN,32,2026-05-23T06:18:59.099
ex9_2_6,Ipopt,ALMOST_LOCALLY_SOLVED,0.0163475,-0.9999894111516877,-1.0,5.294424156143673e-6,0.006507421832840114,NaN,37,2026-05-23T06:18:59.161
ex9_2_7,Ipopt,LOCALLY_SOLVED,0.0108701,17.000000168484767,17.0,9.360264859499997e-9,17.999999794894464,NaN,34,2026-05-23T06:18:59.206
ex9_2_8,Ipopt,LOCALLY_SOLVED,0.0055366,1.5000001618181735,1.5,6.472726941098017e-8,1.4999997723604475,NaN,8,2026-05-23T06:18:59.242
gtm,Ipopt,ERRO: LoadError,300.0,NaN,543.5651,NaN,NaN,NaN,0,2026-05-23T06:18:59.370
harker,Ipopt,ERRO: LoadError,300.0,NaN,-986.5135,NaN,NaN,NaN,0,2026-05-23T06:18:59.418
haverly,Ipopt,LOCALLY_SOLVED,0.0082264,-400.00000351419,-400.0,8.763566045745211e-9,-400.00000054,NaN,21,2026-05-23T06:18:59.462
hhfair,Ipopt,ERRO: LoadError,300.0,NaN,-87.159,NaN,NaN,NaN,0,2026-05-23T06:18:59.504
himmel16,Ipopt,LOCALLY_SOLVED,0.0112771,-0.6749809043216461,-0.866,0.10236821847714568,-0.6749822612030798,NaN,23,2026-05-23T06:18:59.578
house,Ipopt,LOCALLY_SOLVED,0.2536287,-4500.000045094575,-4500.0,1.0018790357310007e-8,-4500.000000219355,NaN,25,2026-05-23T06:18:59.890
hydro,Ipopt,LOCALLY_SOLVED,0.0202085,4.366944087586359e6,4.366944e6,2.0056666415744964e-8,5.09398064568713e6,NaN,35,2026-05-23T06:18:59.999
immun,Ipopt,LOCALLY_SOLVED,0.0122269,1.8310756996141092e-6,0.0,1.8310756996141092e-6,9.488999998190115e9,NaN,34,2026-05-23T06:19:00.067
launch,Ipopt,ERRO: LoadError,300.0,NaN,2257.7976,NaN,NaN,NaN,0,2026-05-23T06:19:00.168
least,Ipopt,ERRO: LoadError,300.0,NaN,14085.1398,NaN,NaN,NaN,0,2026-05-23T06:19:00.193
linear,Ipopt,ITERATION_LIMIT,1.6046002,-4.211122805078966e6,89.0,46791.242278655176,-87.3457593365886,NaN,5000,2026-05-23T06:19:01.880
lnts100,Ipopt,LOCALLY_SOLVED,0.0360714,0.55459540015027,0.5546,2.9588638427908163e-6,0.4075309590383209,NaN,16,2026-05-23T06:19:03.248
lnts50,Ipopt,LOCALLY_SOLVED,0.0219662,0.5546687645610145,0.5547,2.0090975098361043e-5,0.4075442930032475,NaN,16,2026-05-23T06:19:03.917
meanvar,Ipopt,LOCALLY_SOLVED,0.0040357,5.243399280053022,5.2434,1.1531328738796043e-7,10.486798148852756,NaN,9,2026-05-23T06:19:03.951
mhw4d,Ipopt,ERRO: LoadError,300.0,NaN,0.0293,NaN,NaN,NaN,0,2026-05-23T06:19:03.969
minlphi,Ipopt,LOCALLY_SOLVED,0.0180383,582.2361399065012,582.2361,6.84225500254017e-8,535.1722460154954,NaN,34,2026-05-23T06:19:04.198
nemhaus,Ipopt,LOCALLY_SOLVED,0.0017277,31.0,31.0,0.0,62.00000000000424,NaN,1,2026-05-23T06:19:04.220
otpop,Ipopt,ERRO: LoadError,300.0,NaN,0.0,NaN,NaN,NaN,0,2026-05-23T06:19:04.414
pindyck,Ipopt,ERRO: LoadError,300.0,NaN,-1612.1783,NaN,NaN,NaN,0,2026-05-23T06:19:04.573
pollut,Ipopt,ERRO: LoadError,300.0,NaN,-5.3532686288e6,NaN,NaN,NaN,0,2026-05-23T06:19:04.634
polygon100,Ipopt,LOCALLY_SOLVED,2.0421402,-0.7268592295202653,-0.6791,0.028443350318781032,-0.26705480192183945,NaN,45,2026-05-23T06:19:17.880
polygon25,Ipopt,LOCALLY_SOLVED,0.1069108,-0.7753035059567106,-0.7722,0.0017512165425519726,-0.08825010985894165,NaN,35,2026-05-23T06:19:18.701
polygon50,Ipopt,LOCALLY_SOLVED,0.381208,-0.7456141559401452,-0.7757,0.01694308951954424,-0.16618744733838092,NaN,36,2026-05-23T06:19:21.840
process,Ipopt,LOCALLY_SOLVED,0.0043629,-1161.3366117187074,-1161.3366,1.0082025598791625e-8,-2053.5852712039205,NaN,11,2026-05-23T06:19:21.880
prolog,Ipopt,LOCALLY_SOLVED,0.0283953,3.23664065357605e-7,0.0,3.23664065357605e-7,-126.36968163753421,NaN,67,2026-05-23T06:19:21.990
qp1,Ipopt,LOCALLY_SOLVED,0.0059464,0.0008129404303981622,0.0008,1.2930086329098841e-5,0.0016208926060066737,NaN,12,2026-05-23T06:19:22.819
qp2,Ipopt,LOCALLY_SOLVED,0.0058925,0.0008129404303981626,0.0008,1.2930086329099275e-5,0.0016208926060066746,NaN,12,2026-05-23T06:19:23.202
qp3,Ipopt,LOCALLY_SOLVED,0.010394,0.0008130195287535932,0.0008,1.3009121456428033e-5,0.0016210329068121034,NaN,11,2026-05-23T06:19:23.721
qp4,Ipopt,LOCALLY_SOLVED,0.0064898,0.0008130251107501315,0.0008,1.3014698990938706e-5,0.001621044454394958,NaN,11,2026-05-23T06:19:24.034
qp5,Ipopt,LOCALLY_SOLVED,0.0105065,0.4314611427624768,0.4315,2.7144420204799897e-5,0.43145307929364524,NaN,19,2026-05-23T06:19:24.393
ramsey,Ipopt,ERRO: LoadError,300.0,NaN,-2.4875,NaN,NaN,NaN,0,2026-05-23T06:19:24.429
rbrock,Ipopt,LOCALLY_SOLVED,0.0069832,-3.074640879191208e-14,0.0,3.074640879191208e-14,-9.067975628766415e-8,NaN,23,2026-05-23T06:19:24.466
robot50,Ipopt,ERRO: LoadError,300.0,NaN,9.1469,NaN,NaN,NaN,0,2026-05-23T06:19:25.587
rocket100,Ipopt,LOCALLY_SOLVED,0.2061376,-1.012818844034107,-1.0126,0.00010873697411661624,-4.553375300577141,NaN,108,2026-05-23T06:19:27.245
rocket50,Ipopt,LOCALLY_SOLVED,0.1197488,-1.0128106108848485,-1.0128,5.271703521735778e-6,-4.559677839749127,NaN,123,2026-05-23T06:19:28.078
sambal,Ipopt,LOCALLY_SOLVED,0.0019122,3.968220361763768,3.9682,4.0984186965021665e-6,1028.0000000000002,NaN,2,2026-05-23T06:19:28.136
sample,Ipopt,LOCALLY_SOLVED,0.003833,726.6788663743392,726.6367,5.794976303314185e-5,4.5134160739425585e-7,NaN,10,2026-05-23T06:19:28.154
ship,Ipopt,ERRO: LoadError,300.0,NaN,0.0,NaN,NaN,NaN,0,2026-05-23T06:19:28.188
srcpm,Ipopt,ERRO: LoadError,300.0,NaN,2109.7818,NaN,NaN,NaN,0,2026-05-23T06:19:28.281
turkey,Ipopt,LOCALLY_SOLVED,0.1603595,-29330.158030311537,-29330.158,1.0334245090930796e-9,-3069.8776441766245,NaN,102,2026-05-23T06:19:29.837
wall,Ipopt,LOCALLY_SOLVED,0.0018293,1.0000046575934247,-1.0,1.0000023287967124,0.5000046563910644,NaN,2,2026-05-23T06:19:29.865
water,Ipopt,ERRO: LoadError,300.0,NaN,906.3519,NaN,NaN,NaN,0,2026-05-23T06:19:29.919
weapons,Ipopt,ERRO: LoadError,300.0,NaN,-1735.57,NaN,NaN,NaN,0,2026-05-23T06:19:30.024
abel,MadNLP,LOCALLY_SOLVED,15.2228583,225.19458318602022,225.1946,7.433413434092592e-8,-1805.8437833474495,NaN,3,2026-05-23T06:20:53.967
alkyl,MadNLP,LOCALLY_SOLVED,3.7381755,-1.7649996524511105,-1.765,1.2569580088446585e-7,36.21334845883756,NaN,13,2026-05-23T06:20:59.094
camshape100,MadNLP,ERRO: LoadError,300.0,NaN,-4.2841,NaN,NaN,NaN,0,2026-05-23T06:20:59.822
camshape200,MadNLP,ERRO: LoadError,300.0,NaN,-4.2785,NaN,NaN,NaN,0,2026-05-23T06:20:59.828
catmix100,MadNLP,ERRO: LoadError,300.0,NaN,-0.0481,NaN,NaN,NaN,0,2026-05-23T06:20:59.872
catmix200,MadNLP,ERRO: LoadError,300.0,NaN,-0.0481,NaN,NaN,NaN,0,2026-05-23T06:20:59.878
chain100,MadNLP,ERRO: LoadError,300.0,NaN,5.0698,NaN,NaN,NaN,0,2026-05-23T06:21:00.330
chain200,MadNLP,ERRO: LoadError,300.0,NaN,5.0689,NaN,NaN,NaN,0,2026-05-23T06:21:00.511
chain400,MadNLP,ERRO: LoadError,300.0,NaN,5.0686,NaN,NaN,NaN,0,2026-05-23T06:21:01.784
chain50,MadNLP,LOCALLY_SOLVED,0.4529967,5.0722614849232865,5.0723,6.342749322943149e-6,0.19036109085852615,NaN,6,2026-05-23T06:21:03.145
chakra,MadNLP,LOCALLY_SOLVED,0.0327702,-179.13355786488765,-179.1336,2.3391034405613829e-7,-12.405683659390736,NaN,7,2026-05-23T06:21:03.339
chance,MadNLP,LOCALLY_SOLVED,0.0414377,29.894378396294396,29.8944,6.992757782927974e-7,21.273015968435047,NaN,6,2026-05-23T06:21:03.466
chem,MadNLP,LOCALLY_SOLVED,0.0048928,-47.70651474363359,-47.7065,3.027036143475301e-7,-47.70651573991319,NaN,19,2026-05-23T06:21:03.535
chenery,MadNLP,LOCALLY_SOLVED,0.2187787,-1058.9198550997794,-1058.9199,4.236189989506122e-8,-1042.86702594193,NaN,16,2026-05-23T06:21:04.008
circle,MadNLP,LOCALLY_SOLVED,0.0027687,4.574248056537375,4.5742,8.6212438330856e-6,0.0,NaN,8,2026-05-23T06:21:04.050
demo7,MadNLP,ERRO: LoadError,300.0,NaN,-1.5890423862e6,NaN,NaN,NaN,0,2026-05-23T06:21:04.054
dispatch,MadNLP,LOCALLY_SOLVED,0.0028697,3155.287899600137,3155.2879,1.266877408785412e-10,2743.983461305112,NaN,10,2026-05-23T06:21:04.075
elec25,MadNLP,ERRO: LoadError,300.0,NaN,243.8127,NaN,NaN,NaN,0,2026-05-23T06:21:04.152
elec50,MadNLP,LOCALLY_SOLVED,3.9036429,1055.1823147218176,1055.182,2.9798066775510775e-7,-527.5911573577146,NaN,167,2026-05-23T06:21:08.247
etamac,MadNLP,ERRO: LoadError,300.0,NaN,-15.2947,NaN,NaN,NaN,0,2026-05-23T06:21:08.414
ex14_1_1,MadNLP,LOCALLY_SOLVED,0.310555,3.536363616116395e-7,0.0,3.536363616116395e-7,-3.705864217558862e-7,NaN,7,2026-05-23T06:21:09.411
ex14_1_2,MadNLP,LOCALLY_SOLVED,0.0269361,7.172656121351018e-7,0.0,7.172656121351018e-7,-4.937927663496332e-7,NaN,19,2026-05-23T06:21:09.595
ex14_1_3,MadNLP,LOCALLY_SOLVED,0.0049104,3.5363378573974033e-7,0.0,3.5363378573974033e-7,-3.282016045937614e-7,NaN,26,2026-05-23T06:21:09.939
ex14_1_4,MadNLP,LOCALLY_SOLVED,0.0041443,3.544875794731091e-7,0.0,3.544875794731091e-7,2.6052416084061843e-7,NaN,15,2026-05-23T06:21:09.985
ex14_1_5,MadNLP,LOCALLY_SOLVED,0.0020824,1.7181831125442056e-7,0.0,1.7181831125442056e-7,-1.2121716863277357e-6,NaN,8,2026-05-23T06:21:10.030
ex14_1_6,MadNLP,ITERATION_LIMIT,0.8413969,1.000001837728057,0.0,1.000001837728057,0.9999277513633482,NaN,5000,2026-05-23T06:21:10.987
ex14_1_7,MadNLP,LOCALLY_SOLVED,0.0086385,0.13499102070910593,0.0,0.13499102070910593,-2.3589146740748524e-6,NaN,41,2026-05-23T06:21:11.154
ex14_1_8,MadNLP,LOCALLY_SOLVED,0.0023957,0.04141605754853597,0.0,0.04141605754853597,-1.9400869657802244e-7,NaN,10,2026-05-23T06:21:11.255
ex14_1_9,MadNLP,LOCALLY_SOLVED,0.0022603,1.7182176433539578e-7,0.0,1.7182176433539578e-7,-8.459861810692283e-8,NaN,10,2026-05-23T06:21:11.290
ex14_2_1,MadNLP,LOCALLY_SOLVED,0.0025118,6.265808184451825e-7,0.0,6.265808184451825e-7,-6.93189664237904e-7,NaN,9,2026-05-23T06:21:11.350
ex14_2_2,MadNLP,LOCALLY_SOLVED,0.0018472,4.4454634951946163e-7,0.0,4.4454634951946163e-7,-5.954046204505055e-7,NaN,5,2026-05-23T06:21:11.369
ex14_2_3,MadNLP,LOCALLY_SOLVED,0.0028268,8.080970306208577e-7,0.0,8.080970306208577e-7,-1.027449867155023e-6,NaN,10,2026-05-23T06:21:11.417
ex14_2_4,MadNLP,LOCALLY_SOLVED,0.0024966,6.263845722926092e-7,0.0,6.263845722926092e-7,-9.154230022436136e-7,NaN,9,2026-05-23T06:21:11.467
ex14_2_5,MadNLP,LOCALLY_SOLVED,0.0020752,4.4455237995487644e-7,0.0,4.4455237995487644e-7,-4.447726105015673e-7,NaN,8,2026-05-23T06:21:11.500
ex14_2_6,MadNLP,LOCALLY_SOLVED,0.0031656,6.268282287013594e-7,0.0,6.268282287013594e-7,-8.527014451927409e-7,NaN,12,2026-05-23T06:21:11.555
ex14_2_7,MadNLP,LOCALLY_SOLVED,0.0036904,6.263719564580144e-7,0.0,6.263719564580144e-7,-9.834126412312967e-7,NaN,12,2026-05-23T06:21:11.629
ex14_2_8,MadNLP,LOCALLY_SOLVED,0.002535,4.446361173568884e-7,0.0,4.446361173568884e-7,-4.943454245559413e-7,NaN,9,2026-05-23T06:21:11.666
ex14_2_9,MadNLP,LOCALLY_SOLVED,0.0022494,4.445450891504603e-7,0.0,4.445450891504603e-7,-5.159259129330091e-7,NaN,5,2026-05-23T06:21:11.706
ex2_1_1,MadNLP,LOCALLY_SOLVED,0.0405115,-17.000002147914937,-17.0,1.1932860763705674e-7,-167.00000308848115,NaN,6,2026-05-23T06:21:11.806
ex2_1_10,MadNLP,LOCALLY_SOLVED,0.0046337,49318.0100331976,49318.018,1.615361116329852e-7,-676103.1422080023,NaN,21,2026-05-23T06:21:11.880
ex2_1_2,MadNLP,LOCALLY_SOLVED,0.0018418,-213.00000345955095,-213.0,1.6166125949843193e-8,-214.50000059331953,NaN,7,2026-05-23T06:21:11.909
ex2_1_3,MadNLP,LOCALLY_SOLVED,0.0021409,-14.99999890779961,-15.0,6.826252441083369e-8,-35.00000108438062,NaN,6,2026-05-23T06:21:11.954
ex2_1_4,MadNLP,LOCALLY_SOLVED,0.002273,-10.999999600361916,-11.0,3.330317370024242e-8,-11.000000748762394,NaN,6,2026-05-23T06:21:11.978
ex2_1_5,MadNLP,LOCALLY_SOLVED,0.1075532,64.42027500045663,-268.0146,1.2357503087210011,71.00945369601655,NaN,10,2026-05-23T06:21:12.161
ex2_1_6,MadNLP,LOCALLY_SOLVED,0.0019517,-39.000004343456226,-39.0,1.0858640564492816e-7,-389.00000720372896,NaN,6,2026-05-23T06:21:12.191
ex2_1_7,MadNLP,LOCALLY_SOLVED,0.0039844,1.179937946049959e-6,-4150.4101,0.9997591182764471,-0.03240235644546929,NaN,17,2026-05-23T06:21:12.260
ex2_1_8,MadNLP,LOCALLY_SOLVED,0.0275432,15871.598382494869,15639.0,0.014872019341104152,-4.000002296484963,NaN,68,2026-05-23T06:21:12.347
ex2_1_9,MadNLP,LOCALLY_SOLVED,0.0018221,-0.3749994820432894,-0.375,3.766957895107675e-7,-0.7499998456763316,NaN,6,2026-05-23T06:21:12.369
ex3_1_1,MadNLP,LOCALLY_SOLVED,0.002067,7049.247776634595,7049.2083,5.5993571983388836e-6,-491.01129167358175,NaN,8,2026-05-23T06:21:12.405
ex3_1_2,MadNLP,LOCALLY_SOLVED,0.0019877,-30665.53886278745,-30665.54,3.708317116437603e-8,-29419.8528301766,NaN,8,2026-05-23T06:21:12.431
ex3_1_3,MadNLP,LOCALLY_SOLVED,0.0028949,-310.0000089244383,-310.0,2.8695943102259184e-8,-948.0795458527712,NaN,10,2026-05-23T06:21:12.456
ex3_1_4,MadNLP,LOCALLY_SOLVED,0.0018352,-3.9999997822796414,-4.0,4.35440717261315e-8,-4.499999367685723,NaN,6,2026-05-23T06:21:12.473
ex4_1_1,MadNLP,LOCALLY_SOLVED,0.002885,-0.5199780610800272,-7.4873,0.8209114723080334,-1.682442741042472e-7,NaN,17,2026-05-23T06:21:12.483
ex4_1_2,MadNLP,LOCALLY_SOLVED,0.0025204,-663.5000966105002,-663.5001,5.100826529085024e-9,7.971360958604878e-7,NaN,7,2026-05-23T06:21:12.503
ex4_1_3,MadNLP,LOCALLY_SOLVED,0.0015738,-443.6717047411248,-443.6717,1.0662079071073555e-8,-2.474157065009268e-7,NaN,4,2026-05-23T06:21:12.521
ex4_1_4,MadNLP,ERRO: LoadError,300.0,NaN,0.0,NaN,NaN,NaN,0,2026-05-23T06:21:12.523
ex4_1_5,MadNLP,LOCALLY_SOLVED,0.0162873,-4.0316916304705084e-14,0.0,4.0316916304705084e-14,-1.818182606377965e-7,NaN,4,2026-05-23T06:21:12.645
ex4_1_6,MadNLP,LOCALLY_SOLVED,0.001596,6.9999999999999565,7.0,5.440092820663267e-15,-2.840909046145836e-7,NaN,4,2026-05-23T06:21:12.653
ex4_1_7,MadNLP,LOCALLY_SOLVED,0.0017126,-7.500000000000001,-7.5,1.0449157878825003e-16,-1.8939393900698286e-7,NaN,4,2026-05-23T06:21:12.663
ex4_1_8,MadNLP,LOCALLY_SOLVED,0.0025247,-16.73889318439467,-16.7389,3.842180367253341e-7,-3.2000742473501913e-7,NaN,4,2026-05-23T06:21:12.675
ex4_1_9,MadNLP,LOCALLY_SOLVED,0.0019894,-5.508013099782884,-5.508,2.012873829781548e-6,-8.494468455647443e-7,NaN,5,2026-05-23T06:21:12.697
ex5_2_2_case1,MadNLP,LOCALLY_SOLVED,0.0034149,-400.00000351378526,-400.0,8.762556756113568e-9,-400.00000109070464,NaN,20,2026-05-23T06:21:12.733
ex5_2_2_case2,MadNLP,LOCALLY_SOLVED,0.0030908,-400.000003514277,-600.0,0.33277869631567886,-400.00000109121936,NaN,19,2026-05-23T06:21:12.772
ex5_2_2_case3,MadNLP,LOCALLY_SOLVED,0.0037592,-750.0000069309507,-750.0,9.228962303356521e-9,-750.0000010911825,NaN,23,2026-05-23T06:21:12.804
ex5_2_4,MadNLP,LOCALLY_SOLVED,0.0054332,-450.00000550414336,-450.0,1.2204309001680749e-8,1799.9999748034172,NaN,24,2026-05-23T06:21:12.830
ex5_2_5,MadNLP,LOCALLY_SOLVED,0.0394562,-3500.0000456502753,-3500.0001,1.5524056941751604e-8,9363.023358010823,NaN,134,2026-05-23T06:21:12.980
ex5_3_2,MadNLP,LOCALLY_SOLVED,0.0064479,1.8641600035159238,1.8642,1.3964277660870628e-5,1.2573567376474628,NaN,39,2026-05-23T06:21:13.045
ex5_3_3,MadNLP,LOCALLY_SOLVED,0.084571,3.635561739685813,3.234,0.09484216808828841,-1.7529150986840658e16,NaN,175,2026-05-23T06:21:13.296
ex5_4_2,MadNLP,LOCALLY_SOLVED,0.0039227,7512.229887217107,7512.2259,5.3069309501817e-7,776.6522645402769,NaN,22,2026-05-23T06:21:13.334
ex5_4_3,MadNLP,LOCALLY_SOLVED,0.0225462,4845.461995633392,4845.462,9.009889407955682e-10,-21031.157362526006,NaN,104,2026-05-23T06:21:13.394
ex5_4_4,MadNLP,LOCALLY_SOLVED,0.016008,12138.447978868318,10077.7754,0.20445664250721549,-227422.10986020908,NaN,78,2026-05-23T06:21:13.468
ex6_1_1,MadNLP,LOCALLY_SOLVED,0.0024105,-0.017577543292659134,-0.0202,0.0025705319617142374,-0.017578266842312004,NaN,10,2026-05-23T06:21:13.494
ex6_1_2,MadNLP,LOCALLY_SOLVED,0.0033884,-0.03246375010221914,-0.0325,3.5108859836182746e-5,0.9675358862618454,NaN,16,2026-05-23T06:21:13.520
ex6_1_3,MadNLP,LOCALLY_SOLVED,0.0184029,-0.32434879444294346,-0.3525,0.020814200042185968,-0.32434988535146597,NaN,89,2026-05-23T06:21:13.568
ex6_1_4,MadNLP,LOCALLY_SOLVED,0.0028883,-0.2945412875551458,-0.2945,3.1894596481899704e-5,0.7054581669034888,NaN,16,2026-05-23T06:21:13.600
ex6_2_10,MadNLP,LOCALLY_SOLVED,0.0029584,-3.0519761257399804,-3.052,5.891969402664426e-6,-3.051977216645091,NaN,15,2026-05-23T06:21:13.640
ex6_2_11,MadNLP,LOCALLY_SOLVED,0.0022808,-2.675548112383096e-6,0.0,2.675548112383096e-6,-3.22103807844112e-6,NaN,10,2026-05-23T06:21:13.662
ex6_2_12,MadNLP,LOCALLY_SOLVED,0.0024355,0.2891947485016537,0.2892,4.073455124334914e-6,0.2891940212320164,NaN,12,2026-05-23T06:21:13.686
ex6_2_13,MadNLP,LOCALLY_SOLVED,0.0020611,-0.2162094368769918,-0.2162,7.759313428536675e-6,-0.216210527785954,NaN,7,2026-05-23T06:21:13.719
ex6_2_14,MadNLP,LOCALLY_SOLVED,0.0029645,-0.6953580850193162,-0.6954,2.472276789185071e-5,-0.8111035673601344,NaN,16,2026-05-23T06:21:13.744
ex6_2_5,MadNLP,LOCALLY_SOLVED,0.0035636,-70.75207783301546,-70.7521,3.0893847756292713e-7,-70.75207946928421,NaN,19,2026-05-23T06:21:13.792
ex6_2_6,MadNLP,LOCALLY_SOLVED,0.0031336,7.107087429113561e-7,0.0,7.107087429113561e-7,1.6525422555166176e-7,NaN,6,2026-05-23T06:21:13.816
ex6_2_7,MadNLP,LOCALLY_SOLVED,0.0031877,-0.1608476154415217,-0.1608,4.1019505101403284e-5,-0.1608492518027413,NaN,15,2026-05-23T06:21:13.885
ex6_2_8,MadNLP,LOCALLY_SOLVED,0.0022571,-0.02700634946417713,-0.027,6.182535712882186e-6,-0.027006894919548323,NaN,9,2026-05-23T06:21:13.909
ex6_2_9,MadNLP,LOCALLY_SOLVED,0.0042477,-0.034066184010601755,-0.0341,3.270088908059513e-5,-0.034066911272100396,NaN,14,2026-05-23T06:21:13.940
ex7_2_1,MadNLP,LOCALLY_SOLVED,0.0070997,1227.225437262431,1227.1896,2.9178933310426604e-5,-16671.53040853032,NaN,32,2026-05-23T06:21:13.979
ex7_2_2,MadNLP,LOCALLY_SOLVED,0.0026885,-0.3888113443033695,-0.3888,8.16842120501182e-6,-1.095840440070224e-6,NaN,13,2026-05-23T06:21:13.999
ex7_2_3,MadNLP,LOCALLY_SOLVED,0.0041165,7049.247655082291,7049.2181,4.192080567146379e-6,-12284.690174609952,NaN,25,2026-05-23T06:21:14.077
ex7_2_4,MadNLP,LOCALLY_SOLVED,0.0044537,3.9180104888265097,3.918,2.1327422752253316e-6,-1.0924170469876151e-6,NaN,24,2026-05-23T06:21:14.101
ex7_3_1,MadNLP,LOCALLY_SOLVED,0.0148645,0.34173990064046317,0.3417,2.9738868944744808e-5,0.836014114681435,NaN,33,2026-05-23T06:21:14.138
ex7_3_2,MadNLP,LOCALLY_SOLVED,0.0034546,1.0898642725436665,1.0899,1.709529467133497e-5,4.779895542083993,NaN,14,2026-05-23T06:21:14.173
ex7_3_3,MadNLP,LOCALLY_SOLVED,0.0019852,1.144780013139618,0.8175,0.18007153405205942,0.8793667276307837,NaN,8,2026-05-23T06:21:14.199
ex7_3_4,MadNLP,LOCALLY_SOLVED,0.0067972,10.000000010046245,6.2746,0.5121106328933885,9.999999090909125,NaN,29,2026-05-23T06:21:14.254
ex7_3_5,MadNLP,ITERATION_LIMIT,1.3593022,157986.64981944702,1.2036,71694.24860203623,1.70757499857274,NaN,5000,2026-05-23T06:21:15.713
ex7_3_6,MadNLP,LOCALLY_INFEASIBLE,0.0429536,-3.2822242434675318e-9,0.0,3.2822242434675318e-9,0.5345168231566433,NaN,168,2026-05-23T06:21:15.869
ex8_1_1,MadNLP,LOCALLY_SOLVED,0.0018482,-2.02180671414882,-2.0218,2.2219037725960126e-6,-2.1698863248025324,NaN,6,2026-05-23T06:21:15.879
ex8_1_2,MadNLP,LOCALLY_SOLVED,0.0030671,-0.7969798941343346,-1.0709,0.13227104440854962,-1.0924485929135615e-7,NaN,11,2026-05-23T06:21:15.892
ex8_1_3,MadNLP,LOCALLY_SOLVED,0.0414849,2.999999999999873,3.0,3.175237850427948e-14,0.0,NaN,168,2026-05-23T06:21:15.954
ex8_1_4,MadNLP,LOCALLY_SOLVED,0.0011056,0.0,0.0,0.0,0.0,NaN,0,2026-05-23T06:21:15.965
ex8_1_5,MadNLP,LOCALLY_SOLVED,0.0011792,0.0,-1.0316,0.5077771214806064,0.0,NaN,0,2026-05-23T06:21:15.976
ex8_1_6,MadNLP,LOCALLY_SOLVED,0.0028715,-5.065439735221009,-10.086,0.45287391888679335,0.0,NaN,8,2026-05-23T06:21:15.989
ex8_1_7,MadNLP,LOCALLY_SOLVED,0.0047208,0.02931082797154446,0.0293,1.0519743072438464e-5,0.24964169246022724,NaN,29,2026-05-23T06:21:16.094
ex8_2_1,MadNLP,ITERATION_LIMIT,3.3002075,-4.0116894862615294e9,-979.1783,4.0928150593450493e6,143808.90860607018,NaN,5000,2026-05-23T06:21:19.499
ex8_2_4,MadNLP,ERRO: LoadError,300.0,NaN,-5.83073983917e7,NaN,NaN,NaN,0,2026-05-23T06:21:19.629
ex8_3_1,MadNLP,ERRO: LoadError,300.0,NaN,-0.7937,NaN,NaN,NaN,0,2026-05-23T06:21:19.887
ex8_3_10,MadNLP,ITERATION_LIMIT,3.015997,-5.019937493047938e7,-0.8845,2.6638033455016915e7,-5.077109805878626e7,NaN,5000,2026-05-23T06:21:23.433
ex8_3_12,MadNLP,ERRO: LoadError,300.0,NaN,-0.5825,NaN,NaN,NaN,0,2026-05-23T06:21:23.588
ex8_3_13,MadNLP,ERRO: LoadError,300.0,NaN,-42.3904,NaN,NaN,NaN,0,2026-05-23T06:21:23.745
ex8_3_14,MadNLP,LOCALLY_SOLVED,0.0153387,-100.00000090886506,-2.4124,28.597937202222795,-100.00001990201504,NaN,14,2026-05-23T06:21:23.962
ex8_3_2,MadNLP,ERRO: LoadError,300.0,NaN,-0.4123,NaN,NaN,NaN,0,2026-05-23T06:21:24.150
ex8_3_3,MadNLP,ERRO: LoadError,300.0,NaN,-0.4166,NaN,NaN,NaN,0,2026-05-23T06:21:24.305
ex8_3_4,MadNLP,ERRO: LoadError,300.0,NaN,-3.58,NaN,NaN,NaN,0,2026-05-23T06:21:24.458
ex8_3_5,MadNLP,LOCALLY_SOLVED,0.008422,-10.000000009090602,-0.0688,9.2919161761701,-10.000019906347497,NaN,26,2026-05-23T06:21:24.622
ex8_3_6,MadNLP,ERRO: LoadError,300.0,NaN,-0.5,NaN,NaN,NaN,0,2026-05-23T06:21:24.790
ex8_3_7,MadNLP,ERRO: LoadError,300.0,NaN,-1.2326,NaN,NaN,NaN,0,2026-05-23T06:21:24.946
ex8_3_8,MadNLP,ERRO: LoadError,300.0,NaN,-3.2468,NaN,NaN,NaN,0,2026-05-23T06:21:25.057
ex8_3_9,MadNLP,LOCALLY_SOLVED,0.0034489,-0.7416198487095681,-0.763,0.012127141968480951,-1.1836183475114779e-5,NaN,11,2026-05-23T06:21:25.212
ex8_4_1,MadNLP,LOCALLY_SOLVED,0.0022903,0.6185727594314007,0.6186,1.6829709995906178e-5,-5.633466775144017e-6,NaN,8,2026-05-23T06:21:25.259
ex8_4_2,MadNLP,LOCALLY_SOLVED,0.00288,0.48515248692404705,0.4852,3.199102878599863e-5,-4.6890452069040165e-6,NaN,11,2026-05-23T06:21:25.313
ex8_4_3,MadNLP,LOCALLY_SOLVED,0.0035516,0.0046497155946522714,0.0046,4.948795008189481e-5,-9.213544680483982e-6,NaN,12,2026-05-23T06:21:25.410
ex8_4_4,MadNLP,LOCALLY_SOLVED,0.0029213,0.21245983821155126,0.2125,3.312312449380103e-5,-5.272645347837544e-7,NaN,9,2026-05-23T06:21:25.448
ex8_4_5,MadNLP,LOCALLY_SOLVED,0.0042253,0.0012253756131558474,0.0003,0.0009250980837307283,-0.0056404130178805975,NaN,21,2026-05-23T06:21:25.487
ex8_4_6,MadNLP,LOCALLY_SOLVED,0.0158008,0.0011049783373127885,0.0011,4.972867158913673e-6,-2.2590077267041776e-6,NaN,84,2026-05-23T06:21:25.535
ex8_4_7,MadNLP,LOCALLY_SOLVED,0.0049063,29.047306721620334,28.898,0.0049938698782639075,-8.657325226515608e-6,NaN,11,2026-05-23T06:21:25.652
ex8_4_8,MadNLP,LOCALLY_SOLVED,0.0079276,3.321847314105246,3.3218,1.0947777603249005e-5,-2.9838975974476063e-5,NaN,30,2026-05-23T06:21:25.736
ex8_5_1,MadNLP,LOCALLY_SOLVED,0.002611,-4.0717695150615897e-7,0.0,4.0717695150615897e-7,0.10149787003380528,NaN,12,2026-05-23T06:21:25.767
ex8_5_2,MadNLP,LOCALLY_SOLVED,0.0118642,-1.1495184667276923e-8,-0.0002,0.00019994851511231026,-0.7067335880275876,NaN,61,2026-05-23T06:21:25.799
ex8_5_3,MadNLP,LOCALLY_SOLVED,0.0025424,4.093184273020106e-5,-0.0042,0.004223194426140411,0.21318993355129975,NaN,12,2026-05-23T06:21:25.819
ex8_5_4,MadNLP,LOCALLY_SOLVED,0.0023238,-0.00042514719168985985,-0.0004,2.5137136835125787e-5,0.05813405214144001,NaN,10,2026-05-23T06:21:25.842
ex8_5_5,MadNLP,LOCALLY_SOLVED,0.0024117,6.45577059474901e-7,-0.0108,0.01068524493179608,-0.030299415998412817,NaN,9,2026-05-23T06:21:25.866
ex8_5_6,MadNLP,LOCALLY_SOLVED,0.0023209,9.88017057957603e-7,-0.0012,0.0011995485587874125,-0.09849876560943972,NaN,9,2026-05-23T06:21:25.888
ex8_6_1,MadNLP,ERRO: LoadError,300.0,NaN,-28.4225,NaN,NaN,NaN,0,2026-05-23T06:21:26.096
ex8_6_2,MadNLP,LOCALLY_INFEASIBLE,0.5283787,-6.973416236798614,-31.8886,0.757562917339181,-2.2869818860061125e-5,NaN,393,2026-05-23T06:21:26.717
ex9_1_1,MadNLP,LOCALLY_SOLVED,0.0049802,-12.999999842920197,-13.0,1.121998595619646e-8,-13.000000363614546,NaN,29,2026-05-23T06:21:26.756
ex9_1_2,MadNLP,LOCALLY_SOLVED,0.0049071,-2.9999999999999996,-16.0,0.7647058823529411,-3.0000004545281778,NaN,32,2026-05-23T06:21:26.791
ex9_1_4,MadNLP,LOCALLY_SOLVED,0.0060379,-36.99999999999999,-37.0,1.8698493046318425e-16,-37.000001272697254,NaN,39,2026-05-23T06:21:26.837
ex9_1_5,MadNLP,LOCALLY_SOLVED,0.0063136,4.000000000000003,-1.0,2.5000000000000013,3.999999272731076,NaN,41,2026-05-23T06:21:26.878
ex9_1_8,MadNLP,LOCALLY_SOLVED,0.0083179,-3.2499944946897514,-3.25,1.2953671173096047e-6,-2.3309668205608256,NaN,39,2026-05-23T06:21:26.918
ex9_2_2,MadNLP,LOCALLY_INFEASIBLE,0.0468843,100.15723187238015,99.9995,0.0015617094379690392,2.6767351003252293e-7,NaN,179,2026-05-23T06:21:27
ex9_2_3,MadNLP,LOCALLY_SOLVED,0.004585,4.999999966818192,0.0,4.999999966818192,4.999998090909102,NaN,27,2026-05-23T06:21:27.051
ex9_2_4,MadNLP,LOCALLY_SOLVED,0.0034852,0.5000000000000072,0.5,4.810966440042345e-15,2.9999994233259755,NaN,20,2026-05-23T06:21:27.092
ex9_2_5,MadNLP,LOCALLY_SOLVED,0.0160385,8.999999999999996,5.0,0.6666666666666661,42.99999955152607,NaN,32,2026-05-23T06:21:27.130
ex9_2_6,MadNLP,ITERATION_LIMIT,1.1829871,-0.7645167254510904,-1.0,0.1177416372744548,0.714741356436809,NaN,5000,2026-05-23T06:21:28.350
ex9_2_7,MadNLP,LOCALLY_SOLVED,0.0047303,17.00000016848477,17.0,9.36026505687298e-9,17.99999899333418,NaN,34,2026-05-23T06:21:28.388
ex9_2_8,MadNLP,LOCALLY_SOLVED,0.0022515,1.5000001836214525,1.5,7.344858099500584e-8,1.4999994753276407,NaN,6,2026-05-23T06:21:28.410
gtm,MadNLP,ERRO: LoadError,300.0,NaN,543.5651,NaN,NaN,NaN,0,2026-05-23T06:21:28.505
harker,MadNLP,ERRO: LoadError,300.0,NaN,-986.5135,NaN,NaN,NaN,0,2026-05-23T06:21:28.542
haverly,MadNLP,LOCALLY_SOLVED,0.0034665,-400.00000351420493,-400.0,8.76360332708975e-9,-400.000000721818,NaN,20,2026-05-23T06:21:28.574
hhfair,MadNLP,ERRO: LoadError,300.0,NaN,-87.159,NaN,NaN,NaN,0,2026-05-23T06:21:28.610
himmel16,MadNLP,LOCALLY_SOLVED,0.0050315,-0.674980904321649,-0.866,0.10236821847714413,-0.6749822612081893,NaN,23,2026-05-23T06:21:28.672
house,MadNLP,LOCALLY_SOLVED,0.224384,-4500.000045094576,-4500.0,1.0018790559375039e-8,-4500.000000546971,NaN,25,2026-05-23T06:21:28.961
hydro,MadNLP,LOCALLY_SOLVED,0.0055905,4.366944080610236e6,4.366944e6,1.845918282758463e-8,5.093980644388849e6,NaN,34,2026-05-23T06:21:29.033
immun,MadNLP,LOCALLY_SOLVED,0.0063687,2.9193821941637763e-7,0.0,2.9193821941637763e-7,9.489000000000002e9,NaN,35,2026-05-23T06:21:29.084
launch,MadNLP,ERRO: LoadError,300.0,NaN,2257.7976,NaN,NaN,NaN,0,2026-05-23T06:21:29.166
least,MadNLP,ERRO: LoadError,300.0,NaN,14085.1398,NaN,NaN,NaN,0,2026-05-23T06:21:29.186
linear,MadNLP,ITERATION_LIMIT,0.6781067,-4.451981033946116e6,89.0,49467.44482162352,-63.85014423264914,NaN,5000,2026-05-23T06:21:29.932
lnts100,MadNLP,LOCALLY_SOLVED,0.3333455,0.5545954001504423,0.5546,2.958863731954194e-6,0.2604615616712995,NaN,68,2026-05-23T06:21:31.343
lnts50,MadNLP,LOCALLY_SOLVED,0.0132413,0.5546687645610063,0.5547,2.009097510364544e-5,0.2604174174248877,NaN,16,2026-05-23T06:21:31.905
meanvar,MadNLP,LOCALLY_SOLVED,0.0021249,5.243399280005692,5.2434,1.1532086821568368e-7,10.486797354380762,NaN,9,2026-05-23T06:21:31.932
mhw4d,MadNLP,ERRO: LoadError,300.0,NaN,0.0293,NaN,NaN,NaN,0,2026-05-23T06:21:31.944
minlphi,MadNLP,LOCALLY_SOLVED,0.0086173,582.2361398486878,582.2361,6.832342482557224e-8,535.172245547738,NaN,33,2026-05-23T06:21:32.130
nemhaus,MadNLP,LOCALLY_SOLVED,0.0015465,31.0,31.0,0.0,61.9999995454591,NaN,4,2026-05-23T06:21:32.162
otpop,MadNLP,ERRO: LoadError,300.0,NaN,0.0,NaN,NaN,NaN,0,2026-05-23T06:21:32.316
pindyck,MadNLP,ERRO: LoadError,300.0,NaN,-1612.1783,NaN,NaN,NaN,0,2026-05-23T06:21:32.458
pollut,MadNLP,ERRO: LoadError,300.0,NaN,-5.3532686288e6,NaN,NaN,NaN,0,2026-05-23T06:21:32.511
polygon100,MadNLP,LOCALLY_SOLVED,1.5434535,-0.7268592294677665,-0.6791,0.028443350287515008,-0.24479656153976742,NaN,43,2026-05-23T06:21:43.476
polygon25,MadNLP,LOCALLY_SOLVED,0.0794537,-0.7753022230355124,-0.7722,0.0017504926280964008,-0.09230660794690305,NaN,35,2026-05-23T06:21:44.207
polygon50,MadNLP,LOCALLY_SOLVED,0.3365317,-0.7456141572738064,-0.7757,0.01694308876848202,-0.16646449489500473,NaN,35,2026-05-23T06:21:47.245
process,MadNLP,LOCALLY_SOLVED,0.0026009,-1161.3366137971545,-1161.3366,1.1870188422030485e-8,-2053.585237143878,NaN,10,2026-05-23T06:21:47.280
prolog,MadNLP,LOCALLY_SOLVED,0.0284269,3.237691615470094e-7,0.0,3.237691615470094e-7,-126.72742844816682,NaN,108,2026-05-23T06:21:47.378
qp1,MadNLP,LOCALLY_SOLVED,0.0033106,0.0008129796600384135,0.0008,1.296928461072487e-5,0.0016209657235243867,NaN,12,2026-05-23T06:21:48.200
qp2,MadNLP,LOCALLY_SOLVED,0.0037728,0.0008129796600384125,0.0008,1.2969284610723897e-5,0.001620965723524382,NaN,12,2026-05-23T06:21:48.588
qp3,MadNLP,LOCALLY_SOLVED,0.0054331,0.0008130215097319467,0.0008,1.3011100851265632e-5,0.0016210363498923319,NaN,11,2026-05-23T06:21:49.085
qp4,MadNLP,LOCALLY_SOLVED,0.0038421,0.0008127187430136953,0.0008,1.2708576152773053e-5,0.0016205248439199905,NaN,12,2026-05-23T06:21:49.388
qp5,MadNLP,LOCALLY_SOLVED,0.0061518,0.4314611427568733,0.4315,2.7144424119237654e-5,0.4314530792879521,NaN,19,2026-05-23T06:21:49.750
ramsey,MadNLP,ERRO: LoadError,300.0,NaN,-2.4875,NaN,NaN,NaN,0,2026-05-23T06:21:49.787
rbrock,MadNLP,LOCALLY_SOLVED,0.003743,-3.053555235010014e-14,0.0,3.053555235010014e-14,-3.799358121417308e-7,NaN,23,2026-05-23T06:21:49.806
robot50,MadNLP,ERRO: LoadError,300.0,NaN,9.1469,NaN,NaN,NaN,0,2026-05-23T06:21:50.919
rocket100,MadNLP,LOCALLY_SOLVED,0.2199975,-1.0128188440336263,-1.0126,0.00010873697387775777,0.07809688681257675,NaN,145,2026-05-23T06:21:52.566
rocket50,MadNLP,LOCALLY_SOLVED,0.1750336,-1.0128106108702568,-1.0128,5.27169627230155e-6,0.052464658547940884,NaN,147,2026-05-23T06:21:53.457
sambal,MadNLP,LOCALLY_SOLVED,0.0064854,3.9682202000457902,3.9682,4.0658680790399396e-6,1027.9999999999998,NaN,12,2026-05-23T06:21:53.503
sample,MadNLP,LOCALLY_SOLVED,0.0027464,726.6788663743395,726.6367,5.794976303345433e-5,8.755795235514425e-8,NaN,10,2026-05-23T06:21:53.521
ship,MadNLP,ERRO: LoadError,300.0,NaN,0.0,NaN,NaN,NaN,0,2026-05-23T06:21:53.556
srcpm,MadNLP,ERRO: LoadError,300.0,NaN,2109.7818,NaN,NaN,NaN,0,2026-05-23T06:21:53.658
turkey,MadNLP,LOCALLY_SOLVED,0.1313533,-29330.15804226582,-29330.158,1.4409870725889204e-9,-3069.890980664216,NaN,140,2026-05-23T06:21:55.239
wall,MadNLP,LOCALLY_SOLVED,0.0015459,1.0000046575934247,-1.0,1.0000023287967124,0.5000046563910161,NaN,2,2026-05-23T06:21:55.265
water,MadNLP,ERRO: LoadError,300.0,NaN,906.3519,NaN,NaN,NaN,0,2026-05-23T06:21:55.325
weapons,MadNLP,ERRO: LoadError,300.0,NaN,-1735.57,NaN,NaN,NaN,0,2026-05-23T06:21:55.429
abel,NLopt,ERRO: ArgumentError,300.0,NaN,225.1946,NaN,NaN,NaN,0,2026-05-23T06:22:42.497
alkyl,NLopt,ERRO: ArgumentError,300.0,NaN,-1.765,NaN,NaN,NaN,0,2026-05-23T06:22:44.026
camshape100,NLopt,ERRO: LoadError,300.0,NaN,-4.2841,NaN,NaN,NaN,0,2026-05-23T06:22:44.728
camshape200,NLopt,ERRO: LoadError,300.0,NaN,-4.2785,NaN,NaN,NaN,0,2026-05-23T06:22:44.735
catmix100,NLopt,ERRO: LoadError,300.0,NaN,-0.0481,NaN,NaN,NaN,0,2026-05-23T06:22:44.783
catmix200,NLopt,ERRO: LoadError,300.0,NaN,-0.0481,NaN,NaN,NaN,0,2026-05-23T06:22:44.789
chain100,NLopt,ERRO: LoadError,300.0,NaN,5.0698,NaN,NaN,NaN,0,2026-05-23T06:22:45.054
chain200,NLopt,ERRO: LoadError,300.0,NaN,5.0689,NaN,NaN,NaN,0,2026-05-23T06:22:45.301
chain400,NLopt,ERRO: LoadError,300.0,NaN,5.0686,NaN,NaN,NaN,0,2026-05-23T06:22:46.540
chain50,NLopt,ERRO: ArgumentError,300.0,NaN,5.0723,NaN,NaN,NaN,0,2026-05-23T06:22:48.207
chakra,NLopt,ERRO: ArgumentError,300.0,NaN,-179.1336,NaN,NaN,NaN,0,2026-05-23T06:22:48.374
chance,NLopt,ERRO: ArgumentError,300.0,NaN,29.8944,NaN,NaN,NaN,0,2026-05-23T06:22:49.934
chem,NLopt,ERRO: ArgumentError,300.0,NaN,-47.7065,NaN,NaN,NaN,0,2026-05-23T06:22:50.005
chenery,NLopt,ERRO: ArgumentError,300.0,NaN,-1058.9199,NaN,NaN,NaN,0,2026-05-23T06:22:50.459
circle,NLopt,LOCALLY_SOLVED,1.8016159,4.574247769168822,4.5742,8.569690506517906e-6,0.0,NaN,0,2026-05-23T06:22:55.232
demo7,NLopt,ERRO: LoadError,300.0,NaN,-1.5890423862e6,NaN,NaN,NaN,0,2026-05-23T06:22:55.237
dispatch,NLopt,ERRO: ArgumentError,300.0,NaN,3155.2879,NaN,NaN,NaN,0,2026-05-23T06:22:55.259
elec25,NLopt,ERRO: LoadError,300.0,NaN,243.8127,NaN,NaN,NaN,0,2026-05-23T06:22:55.373
elec50,NLopt,ERRO: ArgumentError,300.0,NaN,1055.182,NaN,NaN,NaN,0,2026-05-23T06:22:55.573
etamac,NLopt,ERRO: LoadError,300.0,NaN,-15.2947,NaN,NaN,NaN,0,2026-05-23T06:22:55.740
ex14_1_1,NLopt,ERRO: ArgumentError,300.0,NaN,0.0,NaN,NaN,NaN,0,2026-05-23T06:22:56.716
ex14_1_2,NLopt,ERRO: ArgumentError,300.0,NaN,0.0,NaN,NaN,NaN,0,2026-05-23T06:22:56.886
ex14_1_3,NLopt,ERRO: ArgumentError,300.0,NaN,0.0,NaN,NaN,NaN,0,2026-05-23T06:22:57.283
ex14_1_4,NLopt,ERRO: ArgumentError,300.0,NaN,0.0,NaN,NaN,NaN,0,2026-05-23T06:22:57.334
ex14_1_5,NLopt,ERRO: ArgumentError,300.0,NaN,0.0,NaN,NaN,NaN,0,2026-05-23T06:22:57.376
ex14_1_6,NLopt,ERRO: ArgumentError,300.0,NaN,0.0,NaN,NaN,NaN,0,2026-05-23T06:22:57.508
ex14_1_7,NLopt,ERRO: ArgumentError,300.0,NaN,0.0,NaN,NaN,NaN,0,2026-05-23T06:22:57.679
ex14_1_8,NLopt,ERRO: ArgumentError,300.0,NaN,0.0,NaN,NaN,NaN,0,2026-05-23T06:22:57.791
ex14_1_9,NLopt,ERRO: ArgumentError,300.0,NaN,0.0,NaN,NaN,NaN,0,2026-05-23T06:22:57.825
ex14_2_1,NLopt,ERRO: ArgumentError,300.0,NaN,0.0,NaN,NaN,NaN,0,2026-05-23T06:22:57.886
ex14_2_2,NLopt,ERRO: ArgumentError,300.0,NaN,0.0,NaN,NaN,NaN,0,2026-05-23T06:22:57.905
ex14_2_3,NLopt,ERRO: ArgumentError,300.0,NaN,0.0,NaN,NaN,NaN,0,2026-05-23T06:22:57.954
ex14_2_4,NLopt,ERRO: ArgumentError,300.0,NaN,0.0,NaN,NaN,NaN,0,2026-05-23T06:22:58.009
ex14_2_5,NLopt,ERRO: ArgumentError,300.0,NaN,0.0,NaN,NaN,NaN,0,2026-05-23T06:22:58.037
ex14_2_6,NLopt,ERRO: ArgumentError,300.0,NaN,0.0,NaN,NaN,NaN,0,2026-05-23T06:22:58.102
ex14_2_7,NLopt,ERRO: ArgumentError,300.0,NaN,0.0,NaN,NaN,NaN,0,2026-05-23T06:22:58.177
ex14_2_8,NLopt,ERRO: ArgumentError,300.0,NaN,0.0,NaN,NaN,NaN,0,2026-05-23T06:22:58.212
ex14_2_9,NLopt,ERRO: ArgumentError,300.0,NaN,0.0,NaN,NaN,NaN,0,2026-05-23T06:22:58.253
ex2_1_1,NLopt,ERRO: ArgumentError,300.0,NaN,-17.0,NaN,NaN,NaN,0,2026-05-23T06:22:58.322
ex2_1_10,NLopt,ERRO: ArgumentError,300.0,NaN,49318.018,NaN,NaN,NaN,0,2026-05-23T06:22:58.401
ex2_1_2,NLopt,ERRO: ArgumentError,300.0,NaN,-213.0,NaN,NaN,NaN,0,2026-05-23T06:22:58.423
ex2_1_3,NLopt,ERRO: ArgumentError,300.0,NaN,-15.0,NaN,NaN,NaN,0,2026-05-23T06:22:58.465
ex2_1_4,NLopt,ERRO: ArgumentError,300.0,NaN,-11.0,NaN,NaN,NaN,0,2026-05-23T06:22:58.501
ex2_1_5,NLopt,LOCALLY_SOLVED,0.0295537,64.42027680059729,-268.0146,1.2357503154126108,NaN,NaN,0,2026-05-23T06:22:58.632
ex2_1_6,NLopt,ERRO: ArgumentError,300.0,NaN,-39.0,NaN,NaN,NaN,0,2026-05-23T06:22:58.666
ex2_1_7,NLopt,LOCALLY_SOLVED,0.002907,6.327128070170494e-14,-4150.4101,0.9997591179922215,NaN,NaN,0,2026-05-23T06:22:58.743
ex2_1_8,NLopt,ERRO: ArgumentError,300.0,NaN,15639.0,NaN,NaN,NaN,0,2026-05-23T06:22:58.801
ex2_1_9,NLopt,ERRO: ArgumentError,300.0,NaN,-0.375,NaN,NaN,NaN,0,2026-05-23T06:22:58.826
ex3_1_1,NLopt,ERRO: ArgumentError,300.0,NaN,7049.2083,NaN,NaN,NaN,0,2026-05-23T06:22:58.863
ex3_1_2,NLopt,ERRO: ArgumentError,300.0,NaN,-30665.54,NaN,NaN,NaN,0,2026-05-23T06:22:58.888
ex3_1_3,NLopt,ERRO: ArgumentError,300.0,NaN,-310.0,NaN,NaN,NaN,0,2026-05-23T06:22:58.925
ex3_1_4,NLopt,ERRO: ArgumentError,300.0,NaN,-4.0,NaN,NaN,NaN,0,2026-05-23T06:22:58.943
ex4_1_1,NLopt,ERRO: ArgumentError,300.0,NaN,-7.4873,NaN,NaN,NaN,0,2026-05-23T06:22:58.953
ex4_1_2,NLopt,ERRO: ArgumentError,300.0,NaN,-663.5001,NaN,NaN,NaN,0,2026-05-23T06:22:58.972
ex4_1_3,NLopt,ERRO: ArgumentError,300.0,NaN,-443.6717,NaN,NaN,NaN,0,2026-05-23T06:22:58.983
ex4_1_4,NLopt,ERRO: LoadError,300.0,NaN,0.0,NaN,NaN,NaN,0,2026-05-23T06:22:58.984
ex4_1_5,NLopt,ERRO: ArgumentError,300.0,NaN,0.0,NaN,NaN,NaN,0,2026-05-23T06:22:59.125
ex4_1_6,NLopt,ERRO: ArgumentError,300.0,NaN,7.0,NaN,NaN,NaN,0,2026-05-23T06:22:59.135
ex4_1_7,NLopt,ERRO: ArgumentError,300.0,NaN,-7.5,NaN,NaN,NaN,0,2026-05-23T06:22:59.146
ex4_1_8,NLopt,ERRO: ArgumentError,300.0,NaN,-16.7389,NaN,NaN,NaN,0,2026-05-23T06:22:59.193
ex4_1_9,NLopt,ERRO: ArgumentError,300.0,NaN,-5.508,NaN,NaN,NaN,0,2026-05-23T06:22:59.215
ex5_2_2_case1,NLopt,ERRO: ArgumentError,300.0,NaN,-400.0,NaN,NaN,NaN,0,2026-05-23T06:22:59.251
ex5_2_2_case2,NLopt,ERRO: ArgumentError,300.0,NaN,-600.0,NaN,NaN,NaN,0,2026-05-23T06:22:59.280
ex5_2_2_case3,NLopt,ERRO: ArgumentError,300.0,NaN,-750.0,NaN,NaN,NaN,0,2026-05-23T06:22:59.312
ex5_2_4,NLopt,ERRO: ArgumentError,300.0,NaN,-450.0,NaN,NaN,NaN,0,2026-05-23T06:22:59.337
ex5_2_5,NLopt,ERRO: ArgumentError,300.0,NaN,-3500.0001,NaN,NaN,NaN,0,2026-05-23T06:22:59.452
ex5_3_2,NLopt,ERRO: ArgumentError,300.0,NaN,1.8642,NaN,NaN,NaN,0,2026-05-23T06:22:59.507
ex5_3_3,NLopt,ERRO: ArgumentError,300.0,NaN,3.234,NaN,NaN,NaN,0,2026-05-23T06:22:59.968
ex5_4_2,NLopt,ERRO: ArgumentError,300.0,NaN,7512.2259,NaN,NaN,NaN,0,2026-05-23T06:23:00.097
ex5_4_3,NLopt,ERRO: ArgumentError,300.0,NaN,4845.462,NaN,NaN,NaN,0,2026-05-23T06:23:00.160
ex5_4_4,NLopt,ERRO: ArgumentError,300.0,NaN,10077.7754,NaN,NaN,NaN,0,2026-05-23T06:23:00.225
ex6_1_1,NLopt,ERRO: ArgumentError,300.0,NaN,-0.0202,NaN,NaN,NaN,0,2026-05-23T06:23:00.252
ex6_1_2,NLopt,ERRO: ArgumentError,300.0,NaN,-0.0325,NaN,NaN,NaN,0,2026-05-23T06:23:00.275
ex6_1_3,NLopt,ERRO: ArgumentError,300.0,NaN,-0.3525,NaN,NaN,NaN,0,2026-05-23T06:23:00.315
ex6_1_4,NLopt,ERRO: ArgumentError,300.0,NaN,-0.2945,NaN,NaN,NaN,0,2026-05-23T06:23:00.340
ex6_2_10,NLopt,ERRO: ArgumentError,300.0,NaN,-3.052,NaN,NaN,NaN,0,2026-05-23T06:23:00.382
ex6_2_11,NLopt,ERRO: ArgumentError,300.0,NaN,0.0,NaN,NaN,NaN,0,2026-05-23T06:23:00.657
ex6_2_12,NLopt,ERRO: ArgumentError,300.0,NaN,0.2892,NaN,NaN,NaN,0,2026-05-23T06:23:00.681
ex6_2_13,NLopt,ERRO: ArgumentError,300.0,NaN,-0.2162,NaN,NaN,NaN,0,2026-05-23T06:23:00.715
ex6_2_14,NLopt,ERRO: ArgumentError,300.0,NaN,-0.6954,NaN,NaN,NaN,0,2026-05-23T06:23:00.742
ex6_2_5,NLopt,ERRO: ArgumentError,300.0,NaN,-70.7521,NaN,NaN,NaN,0,2026-05-23T06:23:00.794
ex6_2_6,NLopt,ERRO: ArgumentError,300.0,NaN,0.0,NaN,NaN,NaN,0,2026-05-23T06:23:00.819
ex6_2_7,NLopt,ERRO: ArgumentError,300.0,NaN,-0.1608,NaN,NaN,NaN,0,2026-05-23T06:23:00.879
ex6_2_8,NLopt,ERRO: ArgumentError,300.0,NaN,-0.027,NaN,NaN,NaN,0,2026-05-23T06:23:00.902
ex6_2_9,NLopt,ERRO: ArgumentError,300.0,NaN,-0.0341,NaN,NaN,NaN,0,2026-05-23T06:23:00.933
ex7_2_1,NLopt,ERRO: ArgumentError,300.0,NaN,1227.1896,NaN,NaN,NaN,0,2026-05-23T06:23:00.972
ex7_2_2,NLopt,ERRO: ArgumentError,300.0,NaN,-0.3888,NaN,NaN,NaN,0,2026-05-23T06:23:00.993
ex7_2_3,NLopt,ERRO: ArgumentError,300.0,NaN,7049.2181,NaN,NaN,NaN,0,2026-05-23T06:23:01.069
ex7_2_4,NLopt,ERRO: ArgumentError,300.0,NaN,3.918,NaN,NaN,NaN,0,2026-05-23T06:23:01.095
ex7_3_1,NLopt,ERRO: ArgumentError,300.0,NaN,0.3417,NaN,NaN,NaN,0,2026-05-23T06:23:01.120
ex7_3_2,NLopt,ERRO: ArgumentError,300.0,NaN,1.0899,NaN,NaN,NaN,0,2026-05-23T06:23:01.153
ex7_3_3,NLopt,ERRO: ArgumentError,300.0,NaN,0.8175,NaN,NaN,NaN,0,2026-05-23T06:23:01.180
ex7_3_4,NLopt,ERRO: ArgumentError,300.0,NaN,6.2746,NaN,NaN,NaN,0,2026-05-23T06:23:01.232
ex7_3_5,NLopt,ERRO: ArgumentError,300.0,NaN,1.2036,NaN,NaN,NaN,0,2026-05-23T06:23:01.343
ex7_3_6,NLopt,ERRO: ArgumentError,300.0,NaN,0.0,NaN,NaN,NaN,0,2026-05-23T06:23:01.456
ex8_1_1,NLopt,ERRO: ArgumentError,300.0,NaN,-2.0218,NaN,NaN,NaN,0,2026-05-23T06:23:01.465
ex8_1_2,NLopt,ERRO: ArgumentError,300.0,NaN,-1.0709,NaN,NaN,NaN,0,2026-05-23T06:23:01.476
ex8_1_3,NLopt,ERRO: ArgumentError,300.0,NaN,3.0,NaN,NaN,NaN,0,2026-05-23T06:23:01.488
ex8_1_4,NLopt,ERRO: ArgumentError,300.0,NaN,0.0,NaN,NaN,NaN,0,2026-05-23T06:23:01.499
ex8_1_5,NLopt,ERRO: ArgumentError,300.0,NaN,-1.0316,NaN,NaN,NaN,0,2026-05-23T06:23:01.510
ex8_1_6,NLopt,ERRO: ArgumentError,300.0,NaN,-10.086,NaN,NaN,NaN,0,2026-05-23T06:23:01.520
ex8_1_7,NLopt,ERRO: ArgumentError,300.0,NaN,0.0293,NaN,NaN,NaN,0,2026-05-23T06:23:01.623
ex8_2_1,NLopt,ERRO: ArgumentError,300.0,NaN,-979.1783,NaN,NaN,NaN,0,2026-05-23T06:23:01.734
ex8_2_4,NLopt,ERRO: LoadError,300.0,NaN,-5.83073983917e7,NaN,NaN,NaN,0,2026-05-23T06:23:01.864
ex8_3_1,NLopt,ERRO: LoadError,300.0,NaN,-0.7937,NaN,NaN,NaN,0,2026-05-23T06:23:02.121
ex8_3_10,NLopt,ERRO: ArgumentError,300.0,NaN,-0.8845,NaN,NaN,NaN,0,2026-05-23T06:23:02.643
ex8_3_12,NLopt,ERRO: LoadError,300.0,NaN,-0.5825,NaN,NaN,NaN,0,2026-05-23T06:23:02.802
ex8_3_13,NLopt,ERRO: LoadError,300.0,NaN,-42.3904,NaN,NaN,NaN,0,2026-05-23T06:23:02.957
ex8_3_14,NLopt,ERRO: ArgumentError,300.0,NaN,-2.4124,NaN,NaN,NaN,0,2026-05-23T06:23:03.174
ex8_3_2,NLopt,ERRO: LoadError,300.0,NaN,-0.4123,NaN,NaN,NaN,0,2026-05-23T06:23:03.361
ex8_3_3,NLopt,ERRO: LoadError,300.0,NaN,-0.4166,NaN,NaN,NaN,0,2026-05-23T06:23:03.515
ex8_3_4,NLopt,ERRO: LoadError,300.0,NaN,-3.58,NaN,NaN,NaN,0,2026-05-23T06:23:03.672
ex8_3_5,NLopt,ERRO: ArgumentError,300.0,NaN,-0.0688,NaN,NaN,NaN,0,2026-05-23T06:23:03.838
ex8_3_6,NLopt,ERRO: LoadError,300.0,NaN,-0.5,NaN,NaN,NaN,0,2026-05-23T06:23:03.989
ex8_3_7,NLopt,ERRO: LoadError,300.0,NaN,-1.2326,NaN,NaN,NaN,0,2026-05-23T06:23:04.152
ex8_3_8,NLopt,ERRO: LoadError,300.0,NaN,-3.2468,NaN,NaN,NaN,0,2026-05-23T06:23:04.266
ex8_3_9,NLopt,ERRO: ArgumentError,300.0,NaN,-0.763,NaN,NaN,NaN,0,2026-05-23T06:23:04.416
ex8_4_1,NLopt,ERRO: ArgumentError,300.0,NaN,0.6186,NaN,NaN,NaN,0,2026-05-23T06:23:04.462
ex8_4_2,NLopt,ERRO: ArgumentError,300.0,NaN,0.4852,NaN,NaN,NaN,0,2026-05-23T06:23:04.521
ex8_4_3,NLopt,ERRO: ArgumentError,300.0,NaN,0.0046,NaN,NaN,NaN,0,2026-05-23T06:23:04.605
ex8_4_4,NLopt,ERRO: ArgumentError,300.0,NaN,0.2125,NaN,NaN,NaN,0,2026-05-23T06:23:04.640
ex8_4_5,NLopt,ERRO: ArgumentError,300.0,NaN,0.0003,NaN,NaN,NaN,0,2026-05-23T06:23:04.680
ex8_4_6,NLopt,ERRO: ArgumentError,300.0,NaN,0.0011,NaN,NaN,NaN,0,2026-05-23T06:23:04.713
ex8_4_7,NLopt,ERRO: ArgumentError,300.0,NaN,28.898,NaN,NaN,NaN,0,2026-05-23T06:23:04.828
ex8_4_8,NLopt,ERRO: ArgumentError,300.0,NaN,3.3218,NaN,NaN,NaN,0,2026-05-23T06:23:04.905
ex8_5_1,NLopt,ERRO: ArgumentError,300.0,NaN,0.0,NaN,NaN,NaN,0,2026-05-23T06:23:04.926
ex8_5_2,NLopt,ERRO: ArgumentError,300.0,NaN,-0.0002,NaN,NaN,NaN,0,2026-05-23T06:23:04.957
ex8_5_3,NLopt,ERRO: ArgumentError,300.0,NaN,-0.0042,NaN,NaN,NaN,0,2026-05-23T06:23:04.976
ex8_5_4,NLopt,ERRO: ArgumentError,300.0,NaN,-0.0004,NaN,NaN,NaN,0,2026-05-23T06:23:04.997
ex8_5_5,NLopt,ERRO: ArgumentError,300.0,NaN,-0.0108,NaN,NaN,NaN,0,2026-05-23T06:23:05.016
ex8_5_6,NLopt,ERRO: ArgumentError,300.0,NaN,-0.0012,NaN,NaN,NaN,0,2026-05-23T06:23:05.039
ex8_6_1,NLopt,ERRO: LoadError,300.0,NaN,-28.4225,NaN,NaN,NaN,0,2026-05-23T06:23:05.236
ex8_6_2,NLopt,ERRO: ArgumentError,300.0,NaN,-31.8886,NaN,NaN,NaN,0,2026-05-23T06:23:05.344
ex9_1_1,NLopt,ERRO: ArgumentError,300.0,NaN,-13.0,NaN,NaN,NaN,0,2026-05-23T06:23:05.387
ex9_1_2,NLopt,ERRO: ArgumentError,300.0,NaN,-16.0,NaN,NaN,NaN,0,2026-05-23T06:23:05.416
ex9_1_4,NLopt,ERRO: ArgumentError,300.0,NaN,-37.0,NaN,NaN,NaN,0,2026-05-23T06:23:05.444
ex9_1_5,NLopt,ERRO: ArgumentError,300.0,NaN,-1.0,NaN,NaN,NaN,0,2026-05-23T06:23:05.479
ex9_1_8,NLopt,ERRO: ArgumentError,300.0,NaN,-3.25,NaN,NaN,NaN,0,2026-05-23T06:23:05.514
ex9_2_2,NLopt,ERRO: ArgumentError,300.0,NaN,99.9995,NaN,NaN,NaN,0,2026-05-23T06:23:05.558
ex9_2_3,NLopt,ERRO: ArgumentError,300.0,NaN,0.0,NaN,NaN,NaN,0,2026-05-23T06:23:05.603
ex9_2_4,NLopt,ERRO: ArgumentError,300.0,NaN,0.5,NaN,NaN,NaN,0,2026-05-23T06:23:05.650
ex9_2_5,NLopt,ERRO: ArgumentError,300.0,NaN,5.0,NaN,NaN,NaN,0,2026-05-23T06:23:05.675
ex9_2_6,NLopt,ERRO: ArgumentError,300.0,NaN,-1.0,NaN,NaN,NaN,0,2026-05-23T06:23:05.712
ex9_2_7,NLopt,ERRO: ArgumentError,300.0,NaN,17.0,NaN,NaN,NaN,0,2026-05-23T06:23:05.740
ex9_2_8,NLopt,ERRO: ArgumentError,300.0,NaN,1.5,NaN,NaN,NaN,0,2026-05-23T06:23:05.760
gtm,NLopt,ERRO: LoadError,300.0,NaN,543.5651,NaN,NaN,NaN,0,2026-05-23T06:23:05.851
harker,NLopt,ERRO: LoadError,300.0,NaN,-986.5135,NaN,NaN,NaN,0,2026-05-23T06:23:05.890
haverly,NLopt,ERRO: ArgumentError,300.0,NaN,-400.0,NaN,NaN,NaN,0,2026-05-23T06:23:05.925
hhfair,NLopt,ERRO: LoadError,300.0,NaN,-87.159,NaN,NaN,NaN,0,2026-05-23T06:23:05.957
himmel16,NLopt,ERRO: ArgumentError,300.0,NaN,-0.866,NaN,NaN,NaN,0,2026-05-23T06:23:06.022
house,NLopt,ERRO: ArgumentError,300.0,NaN,-4500.0,NaN,NaN,NaN,0,2026-05-23T06:23:06.388
hydro,NLopt,ERRO: ArgumentError,300.0,NaN,4.366944e6,NaN,NaN,NaN,0,2026-05-23T06:23:06.459
immun,NLopt,ERRO: ArgumentError,300.0,NaN,0.0,NaN,NaN,NaN,0,2026-05-23T06:23:06.505
launch,NLopt,ERRO: LoadError,300.0,NaN,2257.7976,NaN,NaN,NaN,0,2026-05-23T06:23:06.597
least,NLopt,ERRO: LoadError,300.0,NaN,14085.1398,NaN,NaN,NaN,0,2026-05-23T06:23:06.619
linear,NLopt,ERRO: ArgumentError,300.0,NaN,89.0,NaN,NaN,NaN,0,2026-05-23T06:23:06.687
lnts100,NLopt,ERRO: ArgumentError,300.0,NaN,0.5546,NaN,NaN,NaN,0,2026-05-23T06:23:07.776
lnts50,NLopt,ERRO: ArgumentError,300.0,NaN,0.5547,NaN,NaN,NaN,0,2026-05-23T06:23:08.333
meanvar,NLopt,ERRO: ArgumentError,300.0,NaN,5.2434,NaN,NaN,NaN,0,2026-05-23T06:23:08.360
mhw4d,NLopt,ERRO: LoadError,300.0,NaN,0.0293,NaN,NaN,NaN,0,2026-05-23T06:23:08.371
minlphi,NLopt,ERRO: ArgumentError,300.0,NaN,582.2361,NaN,NaN,NaN,0,2026-05-23T06:23:08.557
nemhaus,NLopt,ERRO: ArgumentError,300.0,NaN,31.0,NaN,NaN,NaN,0,2026-05-23T06:23:08.585
otpop,NLopt,ERRO: LoadError,300.0,NaN,0.0,NaN,NaN,NaN,0,2026-05-23T06:23:08.732
pindyck,NLopt,ERRO: LoadError,300.0,NaN,-1612.1783,NaN,NaN,NaN,0,2026-05-23T06:23:08.866
pollut,NLopt,ERRO: LoadError,300.0,NaN,-5.3532686288e6,NaN,NaN,NaN,0,2026-05-23T06:23:08.918
polygon100,NLopt,ERRO: ArgumentError,300.0,NaN,-0.6791,NaN,NaN,NaN,0,2026-05-23T06:23:18.926
polygon25,NLopt,ERRO: ArgumentError,300.0,NaN,-0.7722,NaN,NaN,NaN,0,2026-05-23T06:23:19.606
polygon50,NLopt,ERRO: ArgumentError,300.0,NaN,-0.7757,NaN,NaN,NaN,0,2026-05-23T06:23:22.269
process,NLopt,ERRO: ArgumentError,300.0,NaN,-1161.3366,NaN,NaN,NaN,0,2026-05-23T06:23:22.496
prolog,NLopt,ERRO: ArgumentError,300.0,NaN,0.0,NaN,NaN,NaN,0,2026-05-23T06:23:22.559
qp1,NLopt,ERRO: ArgumentError,300.0,NaN,0.0008,NaN,NaN,NaN,0,2026-05-23T06:23:23.376
qp2,NLopt,ERRO: ArgumentError,300.0,NaN,0.0008,NaN,NaN,NaN,0,2026-05-23T06:23:23.757
qp3,NLopt,ERRO: ArgumentError,300.0,NaN,0.0008,NaN,NaN,NaN,0,2026-05-23T06:23:24.250
qp4,NLopt,ERRO: ArgumentError,300.0,NaN,0.0008,NaN,NaN,NaN,0,2026-05-23T06:23:24.557
qp5,NLopt,ERRO: ArgumentError,300.0,NaN,0.4315,NaN,NaN,NaN,0,2026-05-23T06:23:24.910
ramsey,NLopt,ERRO: LoadError,300.0,NaN,-2.4875,NaN,NaN,NaN,0,2026-05-23T06:23:24.946
rbrock,NLopt,ERRO: ArgumentError,300.0,NaN,0.0,NaN,NaN,NaN,0,2026-05-23T06:23:24.963
robot50,NLopt,ERRO: LoadError,300.0,NaN,9.1469,NaN,NaN,NaN,0,2026-05-23T06:23:26.072
rocket100,NLopt,ERRO: ArgumentError,300.0,NaN,-1.0126,NaN,NaN,NaN,0,2026-05-23T06:23:27.529
rocket50,NLopt,ERRO: ArgumentError,300.0,NaN,-1.0128,NaN,NaN,NaN,0,2026-05-23T06:23:28.242
sambal,NLopt,ERRO: ArgumentError,300.0,NaN,3.9682,NaN,NaN,NaN,0,2026-05-23T06:23:28.284
sample,NLopt,ERRO: ArgumentError,300.0,NaN,726.6367,NaN,NaN,NaN,0,2026-05-23T06:23:28.314
ship,NLopt,ERRO: LoadError,300.0,NaN,0.0,NaN,NaN,NaN,0,2026-05-23T06:23:28.347
srcpm,NLopt,ERRO: LoadError,300.0,NaN,2109.7818,NaN,NaN,NaN,0,2026-05-23T06:23:28.438
turkey,NLopt,ERRO: ArgumentError,300.0,NaN,-29330.158,NaN,NaN,NaN,0,2026-05-23T06:23:29.833
wall,NLopt,ERRO: ArgumentError,300.0,NaN,-1.0,NaN,NaN,NaN,0,2026-05-23T06:23:29.861
water,NLopt,ERRO: LoadError,300.0,NaN,906.3519,NaN,NaN,NaN,0,2026-05-23T06:23:29.915
weapons,NLopt,ERRO: LoadError,300.0,NaN,-1735.57,NaN,NaN,NaN,0,2026-05-23T06:23:30.012
abel,UnoSolver,LOCALLY_SOLVED,7.4514006,225.19458318601954,225.1946,7.43341373565639e-8,-5064.996489791811,NaN,0,2026-05-23T06:25:49.057
alkyl,UnoSolver,LOCALLY_SOLVED,0.4227223,-1.764999724854161,-1.765,9.951024918682354e-8,36.21301798750925,NaN,0,2026-05-23T06:25:50.929
camshape100,UnoSolver,ERRO: LoadError,300.0,NaN,-4.2841,NaN,NaN,NaN,0,2026-05-23T06:25:51.606
camshape200,UnoSolver,ERRO: LoadError,300.0,NaN,-4.2785,NaN,NaN,NaN,0,2026-05-23T06:25:51.621
catmix100,UnoSolver,ERRO: LoadError,300.0,NaN,-0.0481,NaN,NaN,NaN,0,2026-05-23T06:25:51.670
catmix200,UnoSolver,ERRO: LoadError,300.0,NaN,-0.0481,NaN,NaN,NaN,0,2026-05-23T06:25:51.677
chain100,UnoSolver,ERRO: LoadError,300.0,NaN,5.0698,NaN,NaN,NaN,0,2026-05-23T06:25:51.934
chain200,UnoSolver,ERRO: LoadError,300.0,NaN,5.0689,NaN,NaN,NaN,0,2026-05-23T06:25:52.056
chain400,UnoSolver,ERRO: LoadError,300.0,NaN,5.0686,NaN,NaN,NaN,0,2026-05-23T06:25:53.857
chain50,UnoSolver,LOCALLY_SOLVED,0.7256423,5.072261493888268,5.0723,6.341272949633871e-6,10.008404693946689,NaN,0,2026-05-23T06:25:55.356
chakra,UnoSolver,LOCALLY_SOLVED,0.1159341,-179.1335578689113,-179.1336,2.3388800696075983e-7,-12.405679376538524,NaN,0,2026-05-23T06:25:55.631
chance,UnoSolver,LOCALLY_SOLVED,0.0918835,29.894378159119366,29.8944,7.069527368949388e-7,21.273015461093884,NaN,0,2026-05-23T06:25:55.812
chem,UnoSolver,LOCALLY_SOLVED,0.1526686,-47.70651484217569,-47.7065,3.047267961092652e-7,-47.70651481949282,NaN,0,2026-05-23T06:25:56.030
chenery,UnoSolver,LOCALLY_SOLVED,0.3788566,-1058.919855630225,-1058.9199,4.18614417902462e-8,-1042.867020343375,NaN,0,2026-05-23T06:25:56.650
circle,UnoSolver,LOCALLY_SOLVED,0.043095,4.574247787801873,4.5742,8.573033237590732e-6,0.0,NaN,0,2026-05-23T06:25:56.734
demo7,UnoSolver,ERRO: LoadError,300.0,NaN,-1.5890423862e6,NaN,NaN,NaN,0,2026-05-23T06:25:56.750
dispatch,UnoSolver,LOCALLY_SOLVED,0.0644335,3155.2879268581305,3155.2879,8.509404574745205e-9,2743.9834680793892,NaN,0,2026-05-23T06:25:56.834
elec25,UnoSolver,ERRO: LoadError,300.0,NaN,243.8127,NaN,NaN,NaN,0,2026-05-23T06:25:56.919
elec50,UnoSolver,LOCALLY_SOLVED,208.8145048,1055.1823147262942,1055.182,2.9798490616564887e-7,-527.5911573631461,NaN,0,2026-05-23T06:29:25.960
etamac,UnoSolver,ERRO: LoadError,300.0,NaN,-15.2947,NaN,NaN,NaN,0,2026-05-23T06:29:26.137
ex14_1_1,UnoSolver,LOCALLY_SOLVED,0.3769748,-1.942890293094024e-16,0.0,1.942890293094024e-16,0.0,NaN,0,2026-05-23T06:29:27.264
ex14_1_2,UnoSolver,LOCALLY_SOLVED,0.2680254,9.475408614112937e-18,0.0,9.475408614112937e-18,0.0,NaN,0,2026-05-23T06:29:27.692
ex14_1_3,UnoSolver,LOCALLY_SOLVED,0.1237885,-3.4246812606912244e-17,0.0,3.4246812606912244e-17,0.0,NaN,0,2026-05-23T06:29:28.152
ex14_1_4,UnoSolver,LOCALLY_SOLVED,0.052047,0.0,0.0,0.0,0.0,NaN,0,2026-05-23T06:29:28.264
ex14_1_5,UnoSolver,LOCALLY_SOLVED,0.073137,-7.392903563635533e-18,0.0,7.392903563635533e-18,-1.5182613097675362e-5,NaN,0,2026-05-23T06:29:28.406
ex14_1_6,UnoSolver,LOCALLY_SOLVED,0.0555445,1.0,0.0,1.0,1.0,NaN,0,2026-05-23T06:29:28.585
ex14_1_7,UnoSolver,LOCALLY_SOLVED,0.046994,7.042749473124377,0.0,7.042749473124377,0.0,NaN,0,2026-05-23T06:29:28.801
ex14_1_8,UnoSolver,LOCALLY_SOLVED,0.0678797,0.0414158858297204,0.0,0.0414158858297204,0.0,NaN,0,2026-05-23T06:29:29
ex14_1_9,UnoSolver,LOCALLY_SOLVED,0.0607243,0.0,0.0,0.0,0.0,NaN,0,2026-05-23T06:29:29.098
ex14_2_1,UnoSolver,LOCALLY_SOLVED,0.0524185,-2.1493461036577486e-20,0.0,2.1493461036577486e-20,0.0,NaN,0,2026-05-23T06:29:29.233
ex14_2_2,UnoSolver,LOCALLY_SOLVED,0.0524647,8.881784197001252e-16,0.0,8.881784197001252e-16,0.0,NaN,0,2026-05-23T06:29:29.311
ex14_2_3,UnoSolver,LOCALLY_SOLVED,0.049497,-1.6940658944962747e-21,0.0,1.6940658944962747e-21,0.0,NaN,0,2026-05-23T06:29:29.408
ex14_2_4,UnoSolver,LOCALLY_SOLVED,0.0528299,-1.6940658945086007e-21,0.0,1.6940658945086007e-21,0.0,NaN,0,2026-05-23T06:29:29.513
ex14_2_5,UnoSolver,LOCALLY_SOLVED,0.0515466,0.0,0.0,0.0,0.0,NaN,0,2026-05-23T06:29:29.590
ex14_2_6,UnoSolver,LOCALLY_SOLVED,0.0453013,-6.776263578034403e-21,0.0,6.776263578034403e-21,0.0,NaN,0,2026-05-23T06:29:29.699
ex14_2_7,UnoSolver,LOCALLY_SOLVED,0.0538389,-4.400600858782107e-22,0.0,4.400600858782107e-22,0.0,NaN,0,2026-05-23T06:29:29.828
ex14_2_8,UnoSolver,LOCALLY_SOLVED,0.0485051,0.0,0.0,0.0,0.0,NaN,0,2026-05-23T06:29:29.914
ex14_2_9,UnoSolver,LOCALLY_SOLVED,0.0493995,0.0,0.0,0.0,0.0,NaN,0,2026-05-23T06:29:30.004
ex2_1_1,UnoSolver,SKIP_MANUAL,0.0,NaN,NaN,NaN,NaN,NaN,0,2026-05-23T06:35:33
ex2_1_10,UnoSolver,LOCALLY_SOLVED,7.1400342,49318.017958412216,49318.018,8.432402341821761e-10,-676103.1379962193,NaN,0,2026-05-23T06:35:59.336
ex2_1_2,UnoSolver,SKIP_MANUAL,0.0,NaN,NaN,NaN,NaN,NaN,0,2026-05-23T06:36:43
ex2_1_3,UnoSolver,LOCALLY_SOLVED,2.8113032,-13.828125,-15.0,0.0732421875,-29.53125,NaN,0,2026-05-23T06:37:00.959
ex2_1_4,UnoSolver,LOCALLY_SOLVED,4.5219813,-11.0,-11.0,0.0,-11.0,NaN,0,2026-05-23T06:37:06.641
ex2_1_5,UnoSolver,LOCALLY_SOLVED,0.0526327,64.4202789491384,-268.0146,1.2357503233993188,71.00945585988723,NaN,0,2026-05-23T06:37:06.922
ex2_1_6,UnoSolver,LOCALLY_SOLVED,0.0331306,-39.0,-39.0,0.0,-389.0,NaN,0,2026-05-23T06:37:07.039
ex2_1_7,UnoSolver,LOCALLY_SOLVED,0.0346176,0.0,-4150.4101,0.9997591179922215,0.0,NaN,0,2026-05-23T06:37:07.140
ex2_1_8,UnoSolver,ITERATION_LIMIT,24.4443033,35.11253250732604,15639.0,0.9976910145455674,-28.77240227409043,NaN,0,2026-05-23T06:37:31.770
ex2_1_9,UnoSolver,LOCALLY_SOLVED,0.02918,-0.375,-0.375,0.0,-0.75,NaN,0,2026-05-23T06:37:31.819
ex3_1_1,UnoSolver,OTHER_ERROR,0.432213,1980.0015500000045,7049.2083,0.7190151743459828,1099.8437364253568,NaN,0,2026-05-23T06:37:32.604
ex3_1_2,UnoSolver,LOCALLY_SOLVED,0.0489047,-30665.53867178332,-30665.54,4.331159237794159e-8,-29419.85276553798,NaN,0,2026-05-23T06:37:32.978
ex3_1_3,UnoSolver,LOCALLY_SOLVED,0.0757913,-310.0,-310.0,0.0,-948.0,NaN,0,2026-05-23T06:37:33.110
ex3_1_4,UnoSolver,LOCALLY_SOLVED,0.0362617,-4.0,-4.0,0.0,-4.5,NaN,0,2026-05-23T06:37:33.178
ex4_1_1,UnoSolver,LOCALLY_SOLVED,0.0444541,-7.487312485304148,-7.4873,1.4710572441035512e-6,0.0,NaN,0,2026-05-23T06:37:33.234
ex4_1_2,UnoSolver,LOCALLY_SOLVED,0.11029,-663.5000966106253,-663.5001,5.100638334197629e-9,0.0,NaN,0,2026-05-23T06:37:33.361
ex4_1_3,UnoSolver,LOCALLY_SOLVED,0.0335494,0.0,-443.6717,0.9977511498932808,0.0,NaN,0,2026-05-23T06:37:33.403
ex4_1_4,UnoSolver,ERRO: LoadError,300.0,NaN,0.0,NaN,NaN,NaN,0,2026-05-23T06:37:34.055
ex4_1_5,UnoSolver,LOCALLY_SOLVED,0.2042251,0.0,0.0,0.0,0.0,NaN,0,2026-05-23T06:37:34.834
ex4_1_6,UnoSolver,LOCALLY_SOLVED,0.029056,7.0,7.0,0.0,0.0,NaN,0,2026-05-23T06:37:34.872
ex4_1_7,UnoSolver,LOCALLY_SOLVED,0.0291705,-7.5,-7.5,0.0,0.0,NaN,0,2026-05-23T06:37:34.909
ex4_1_8,UnoSolver,LOCALLY_SOLVED,0.0414647,-16.738893184419023,-16.7389,3.84216663818769e-7,0.0,NaN,0,2026-05-23T06:37:34.960
ex4_1_9,UnoSolver,LOCALLY_SOLVED,0.3594709,-5.508013271595311,-5.508,2.039274018243166e-6,0.0,NaN,0,2026-05-23T06:37:35.524
ex5_2_2_case1,UnoSolver,LOCALLY_SOLVED,0.0277802,0.0,-400.0,0.9975062344139651,0.0,NaN,0,2026-05-23T06:37:35.595
ex5_2_2_case2,UnoSolver,LOCALLY_SOLVED,0.0292438,0.0,-600.0,0.9983361064891847,0.0,NaN,0,2026-05-23T06:37:35.662
ex5_2_2_case3,UnoSolver,LOCALLY_SOLVED,0.0296778,0.0,-750.0,0.9986684420772304,0.0,NaN,0,2026-05-23T06:37:35.716
ex5_2_4,UnoSolver,LOCALLY_SOLVED,0.0361868,-450.0,-450.0,0.0,1800.0,NaN,0,2026-05-23T06:37:35.784
ex5_2_5,UnoSolver,SKIP_MANUAL,0.0,NaN,NaN,NaN,NaN,NaN,0,2026-05-23T07:27:50
ex5_3_2,UnoSolver,LOCALLY_INFEASIBLE,2.8324708,1.3383820765050471,1.8642,0.18358282364882092,20.0,NaN,0,2026-05-23T07:28:06.588
ex5_3_3,UnoSolver,LOCALLY_INFEASIBLE,0.1642595,3.3523039075531775,3.234,0.027941404712606883,25.861791202967666,NaN,0,2026-05-23T07:28:07.770
ex5_4_2,UnoSolver,ITERATION_LIMIT,5.3116778,5077.469864073916,7512.2259,0.32406266873009687,109.44910319053449,NaN,0,2026-05-23T07:28:13.382
ex5_4_3,UnoSolver,OTHER_ERROR,3.8442569,3581.901417016057,4845.462,0.2607181451095548,-28.071418277691784,NaN,0,2026-05-23T07:28:17.975
ex5_4_4,UnoSolver,OTHER_ERROR,0.2990586,3894.0485716616527,10077.7754,0.6135395008741188,-142.6814562605437,NaN,0,2026-05-23T07:28:18.328
ex6_1_1,UnoSolver,LOCALLY_SOLVED,0.1632563,-0.017577543275037074,-0.0202,0.0025705319789873803,-0.017577543275037043,NaN,0,2026-05-23T07:28:18.666
ex6_1_2,UnoSolver,OTHER_ERROR,3.5924704,-0.03229755410587392,-0.0325,0.0001960735052068583,0.0,NaN,0,2026-05-23T07:28:22.358
ex6_1_3,UnoSolver,LOCALLY_SOLVED,0.0523644,-0.3524978012020509,-0.3525,1.62572861301626e-6,-0.3524978012017932,NaN,0,2026-05-23T07:28:22.465
ex6_1_4,UnoSolver,LOCALLY_SOLVED,0.0461283,-0.29454128777855404,-0.2945,3.189476906454656e-5,0.705458712221492,NaN,0,2026-05-23T07:28:22.542
ex6_2_10,UnoSolver,LOCALLY_SOLVED,0.0684649,-3.0519761259212843,-3.052,5.891924658374985e-6,-3.051976125643025,NaN,0,2026-05-23T07:28:22.646
ex6_2_11,UnoSolver,LOCALLY_SOLVED,0.0559754,-2.6724078388583776e-6,0.0,2.6724078388583776e-6,-2.672407688107575e-6,NaN,0,2026-05-23T07:28:22.722
ex6_2_12,UnoSolver,LOCALLY_SOLVED,0.0526236,0.2891947484692654,0.2892,4.073480247135296e-6,0.28919474847173104,NaN,0,2026-05-23T07:28:22.800
ex6_2_13,UnoSolver,LOCALLY_SOLVED,0.0540024,-0.21620943687699146,-0.2162,7.759313428262815e-6,-0.21620943687699118,NaN,0,2026-05-23T07:28:22.882
ex6_2_14,UnoSolver,LOCALLY_SOLVED,0.0496302,-0.6953579346625735,-0.6954,2.4811453006114608e-5,-0.811102934586409,NaN,0,2026-05-23T07:28:22.954
ex6_2_5,UnoSolver,LOCALLY_SOLVED,0.2409891,-70.75207783353902,-70.7521,3.0893118082444257e-7,-70.7520778333543,NaN,0,2026-05-23T07:28:23.238
ex6_2_6,UnoSolver,LOCALLY_SOLVED,0.0637553,7.107566857405364e-7,0.0,7.107566857405364e-7,7.107684202607695e-7,NaN,0,2026-05-23T07:28:23.323
ex6_2_7,UnoSolver,LOCALLY_SOLVED,0.0657088,-0.1608476156081007,-0.1608,4.101964860502199e-5,-0.16084761531903244,NaN,0,2026-05-23T07:28:23.442
ex6_2_8,UnoSolver,LOCALLY_SOLVED,0.0499687,-0.027006350430526065,-0.027,6.183476656343627e-6,-0.027006347258672646,NaN,0,2026-05-23T07:28:23.524
ex6_2_9,UnoSolver,LOCALLY_SOLVED,0.0345247,0.15652611781806636,-0.0341,0.18434011973509945,0.15652611781807035,NaN,0,2026-05-23T07:28:23.584
ex7_2_1,UnoSolver,LOCALLY_SOLVED,0.9295649,1227.2260757198376,1227.1896,2.969876950403565e-5,-16671.51471431719,NaN,0,2026-05-23T07:28:24.555
ex7_2_2,UnoSolver,LOCALLY_SOLVED,0.0652487,-0.38881145994112853,-0.3888,8.25168572044601e-6,0.0,NaN,0,2026-05-23T07:28:24.638
ex7_2_3,UnoSolver,LOCALLY_SOLVED,0.5217563,7049.248020528666,7049.2181,4.2439153287428935e-6,-12284.690886113638,NaN,0,2026-05-23T07:28:25.610
ex7_2_4,UnoSolver,LOCALLY_SOLVED,0.1878384,3.9180102285031864,3.918,2.079809513260661e-6,0.0,NaN,0,2026-05-23T07:28:25.818
ex7_3_1,UnoSolver,LOCALLY_SOLVED,1.2009828,0.3417395531238188,0.3417,2.947985676292319e-5,0.8360154054953661,NaN,0,2026-05-23T07:28:27.071
ex7_3_2,UnoSolver,LOCALLY_SOLVED,0.0524864,1.0898639713140943,1.0899,1.723943054969036e-5,4.779897060570729,NaN,0,2026-05-23T07:28:27.194
ex7_3_3,UnoSolver,ITERATION_LIMIT,2.4106364,1.1447797960705464,0.8175,0.18007141461928275,0.29098517789191547,NaN,0,2026-05-23T07:28:29.952
ex7_3_4,UnoSolver,LOCALLY_SOLVED,0.1105468,10.0,6.2746,0.5121106315123855,10.0,NaN,0,2026-05-23T07:28:30.514
ex7_3_5,UnoSolver,LOCALLY_SOLVED,0.0340244,1.206896551724138,1.2036,0.0014959846270366209,1.206896551724138,NaN,0,2026-05-23T07:28:30.666
ex7_3_6,UnoSolver,LOCALLY_INFEASIBLE,0.0534156,0.0,0.0,0.0,0.0005156569829538234,NaN,0,2026-05-23T07:28:30.853
ex8_1_1,UnoSolver,LOCALLY_SOLVED,0.0409194,-2.021806783365561,-2.0218,2.2448095708710496e-6,-2.1698860679855922,NaN,0,2026-05-23T07:28:30.912
ex8_1_2,UnoSolver,LOCALLY_SOLVED,0.0585418,2.8034584780381824,-1.0709,1.8708573460998514,0.0,NaN,0,2026-05-23T07:28:31.042
ex8_1_3,UnoSolver,LOCALLY_SOLVED,0.1135179,2.9999999771197365,3.0,5.7200658654110725e-9,0.0,NaN,0,2026-05-23T07:28:31.166
ex8_1_4,UnoSolver,LOCALLY_SOLVED,0.0335286,0.0,0.0,0.0,0.0,NaN,0,2026-05-23T07:28:31.211
ex8_1_5,UnoSolver,LOCALLY_SOLVED,0.0364195,0.0,-1.0316,0.5077771214806064,0.0,NaN,0,2026-05-23T07:28:31.256
ex8_1_6,UnoSolver,LOCALLY_SOLVED,0.0816655,-3.3180263764761894e-5,-10.086,0.9097931462868695,0.0,NaN,0,2026-05-23T07:28:31.348
ex8_1_7,UnoSolver,LOCALLY_SOLVED,0.0551924,0.02931081475543527,0.0293,1.0506903172322203e-5,0.24964275348695672,NaN,0,2026-05-23T07:28:31.536
ex8_2_1,UnoSolver,ITERATION_LIMIT,54.5179932,-1.1091873945249487e18,-979.1783,1.1316179867733735e15,0.0,NaN,0,2026-05-23T07:29:26.191
ex8_2_4,UnoSolver,ERRO: LoadError,300.0,NaN,-5.83073983917e7,NaN,NaN,NaN,0,2026-05-23T07:29:26.974
ex8_3_1,UnoSolver,ERRO: LoadError,300.0,NaN,-0.7937,NaN,NaN,NaN,0,2026-05-23T07:29:27.386
ex8_3_10,UnoSolver,ITERATION_LIMIT,5.7802592,-1.0513957e8,-0.8845,5.579175861793579e7,0.0,NaN,0,2026-05-23T07:29:33.690
ex8_3_12,UnoSolver,ERRO: LoadError,300.0,NaN,-0.5825,NaN,NaN,NaN,0,2026-05-23T07:29:33.863
ex8_3_13,UnoSolver,ERRO: LoadError,300.0,NaN,-42.3904,NaN,NaN,NaN,0,2026-05-23T07:29:34.021
ex8_3_14,UnoSolver,LOCALLY_SOLVED,0.0997236,-100.0,-2.4124,28.597936935880906,-100.0,NaN,0,2026-05-23T07:29:34.326
ex8_3_2,UnoSolver,ERRO: LoadError,300.0,NaN,-0.4123,NaN,NaN,NaN,0,2026-05-23T07:29:34.515
ex8_3_3,UnoSolver,ERRO: LoadError,300.0,NaN,-0.4166,NaN,NaN,NaN,0,2026-05-23T07:29:34.726
ex8_3_4,UnoSolver,ERRO: LoadError,300.0,NaN,-3.58,NaN,NaN,NaN,0,2026-05-23T07:29:34.887
ex8_3_5,UnoSolver,LOCALLY_SOLVED,0.1859793,-10.0,-0.0688,9.291916167664672,-10.0,NaN,0,2026-05-23T07:29:35.229
ex8_3_6,UnoSolver,ERRO: LoadError,300.0,NaN,-0.5,NaN,NaN,NaN,0,2026-05-23T07:29:35.387
ex8_3_7,UnoSolver,ERRO: LoadError,300.0,NaN,-1.2326,NaN,NaN,NaN,0,2026-05-23T07:29:35.542
ex8_3_8,UnoSolver,ERRO: LoadError,300.0,NaN,-3.2468,NaN,NaN,NaN,0,2026-05-23T07:29:35.660
ex8_3_9,UnoSolver,LOCALLY_SOLVED,0.074428,-0.7630019384021786,-0.763,1.0994907422276514e-6,-1.7961803711052937e-9,NaN,0,2026-05-23T07:29:35.883
ex8_4_1,UnoSolver,LOCALLY_SOLVED,0.0381572,0.6185727594370356,0.6186,1.6829706514541442e-5,0.0,NaN,0,2026-05-23T07:29:35.969
ex8_4_2,UnoSolver,LOCALLY_SOLVED,0.043656,0.4851524696009436,0.4852,3.200269260464373e-5,0.0,NaN,0,2026-05-23T07:29:36.059
ex8_4_3,UnoSolver,LOCALLY_SOLVED,0.0589772,0.004649715657152752,0.0046,4.948801229618954e-5,0.0,NaN,0,2026-05-23T07:29:36.204
ex8_4_4,UnoSolver,LOCALLY_SOLVED,0.0461585,0.21245978829290788,0.2125,3.316429450896437e-5,0.0,NaN,0,2026-05-23T07:29:36.295
ex8_4_5,UnoSolver,LOCALLY_SOLVED,0.0654584,0.0012252961212638116,0.0003,0.000925018615679108,-0.0056466640902483045,NaN,0,2026-05-23T07:29:36.399
ex8_4_6,UnoSolver,LOCALLY_SOLVED,0.1701285,0.0011049784156600823,0.0011,4.97294542012006e-6,0.0,NaN,0,2026-05-23T07:29:36.609
ex8_4_7,UnoSolver,ITERATION_LIMIT,11.5024034,1.0323750313344051,28.898,0.9320230439716903,0.0,NaN,0,2026-05-23T07:29:48.226
ex8_4_8,UnoSolver,LOCALLY_SOLVED,0.079689,3.3218473141011864,3.3218,1.0947776663959943e-5,0.0,NaN,0,2026-05-23T07:29:48.385
ex8_5_1,UnoSolver,OTHER_ERROR,0.3579227,0.40166123257777797,0.0,0.40166123257777797,0.37009222008617626,NaN,0,2026-05-23T07:29:48.803
ex8_5_2,UnoSolver,OTHER_ERROR,0.5349936,0.274156713673206,-0.0002,0.2743018533025455,-0.1487129230352131,NaN,0,2026-05-23T07:29:49.365
ex8_5_3,UnoSolver,OTHER_ERROR,0.4412029,0.40321678691156515,-0.0042,0.40571279318020825,0.20865169600539052,NaN,0,2026-05-23T07:29:49.824
ex8_5_4,UnoSolver,OTHER_ERROR,0.4231227,0.3624877619619771,-0.0004,0.3627426648960187,0.16401751774285178,NaN,0,2026-05-23T07:29:50.264
ex8_5_5,UnoSolver,OTHER_ERROR,0.5239921,0.23779250741146118,-0.0108,0.2459363943524547,0.24683869714787426,NaN,0,2026-05-23T07:29:50.811
ex8_5_6,UnoSolver,LOCALLY_SOLVED,0.0741105,-0.0011673724321840616,-0.0012,3.2588461661943944e-5,-0.687429477544719,NaN,0,2026-05-23T07:29:50.907
ex8_6_1,UnoSolver,ERRO: LoadError,300.0,NaN,-28.4225,NaN,NaN,NaN,0,2026-05-23T07:29:51.114
ex8_6_2,UnoSolver,LOCALLY_SOLVED,1.2643482,-31.88862963485031,-31.8886,9.010675526048635e-7,0.0,NaN,0,2026-05-23T07:29:52.577
ex9_1_1,UnoSolver,LOCALLY_SOLVED,0.0304872,-13.0,-13.0,0.0,-13.0,NaN,0,2026-05-23T07:29:52.651
ex9_1_2,UnoSolver,LOCALLY_SOLVED,0.0369789,-16.0,-16.0,0.0,-15.999999999999998,NaN,0,2026-05-23T07:29:52.719
ex9_1_4,UnoSolver,LOCALLY_SOLVED,0.0418549,-37.0,-37.0,0.0,-37.0,NaN,0,2026-05-23T07:29:52.791
ex9_1_5,UnoSolver,LOCALLY_SOLVED,0.0351752,-1.0,-1.0,0.0,-1.0,NaN,0,2026-05-23T07:29:52.861
ex9_1_8,UnoSolver,LOCALLY_SOLVED,0.0349419,-3.25,-3.25,0.0,-3.25,NaN,0,2026-05-23T07:29:52.928
ex9_2_2,UnoSolver,ITERATION_LIMIT,8.1419314,99.99999964167439,99.9995,4.946971761196634e-6,0.0,NaN,0,2026-05-23T07:30:01.115
ex9_2_3,UnoSolver,LOCALLY_SOLVED,0.0473762,4.999999999999991,0.0,4.999999999999991,5.0,NaN,0,2026-05-23T07:30:01.213
ex9_2_4,UnoSolver,LOCALLY_SOLVED,0.0424395,4.0,0.5,2.3333333333333335,4.0,NaN,0,2026-05-23T07:30:01.295
ex9_2_5,UnoSolver,LOCALLY_SOLVED,0.0427225,5.0,5.0,0.0,15.0,NaN,0,2026-05-23T07:30:01.361
ex9_2_6,UnoSolver,LOCALLY_SOLVED,0.0391813,-1.0,-1.0,0.0,0.0,NaN,0,2026-05-23T07:30:01.446
ex9_2_7,UnoSolver,LOCALLY_SOLVED,0.0460263,25.0,17.0,0.4444444444444444,66.0,NaN,0,2026-05-23T07:30:01.533
ex9_2_8,UnoSolver,LOCALLY_SOLVED,0.0357783,1.5,1.5,0.0,1.5,NaN,0,2026-05-23T07:30:01.623
gtm,UnoSolver,ERRO: LoadError,300.0,NaN,543.5651,NaN,NaN,NaN,0,2026-05-23T07:30:01.728
harker,UnoSolver,ERRO: LoadError,300.0,NaN,-986.5135,NaN,NaN,NaN,0,2026-05-23T07:30:01.770
haverly,UnoSolver,LOCALLY_SOLVED,0.058572,-400.0000000000002,-400.0,5.670166469906036e-16,-400.0,NaN,0,2026-05-23T07:30:01.859
hhfair,UnoSolver,ERRO: LoadError,300.0,NaN,-87.159,NaN,NaN,NaN,0,2026-05-23T07:30:01.893
himmel16,UnoSolver,OTHER_ERROR,0.5596361,-0.6571638698333814,-0.866,0.1119164684708567,-0.5760854301308069,NaN,0,2026-05-23T07:30:02.508
house,UnoSolver,LOCALLY_SOLVED,0.5038144,-4500.0,-4500.0,0.0,-4500.0,NaN,0,2026-05-23T07:30:03.063
hydro,UnoSolver,ITERATION_LIMIT,5.2917604,978324.8,4.366944e6,0.7759702034259649,5705.872367688872,NaN,0,2026-05-23T07:30:08.421
immun,UnoSolver,OTHER_ERROR,0.1556357,0.0,0.0,0.0,0.0,NaN,0,2026-05-23T07:30:08.625
launch,UnoSolver,ERRO: LoadError,300.0,NaN,2257.7976,NaN,NaN,NaN,0,2026-05-23T07:30:08.725
least,UnoSolver,ERRO: LoadError,300.0,NaN,14085.1398,NaN,NaN,NaN,0,2026-05-23T07:30:08.757
linear,UnoSolver,ITERATION_LIMIT,5.1224246,-257.1875381929611,89.0,3.846528202144012,88.46455734712501,NaN,0,2026-05-23T07:30:13.952
lnts100,UnoSolver,LOCALLY_SOLVED,1.264155,0.5545954011666261,0.5546,2.9582100694019166e-6,0.40754206674974724,NaN,0,2026-05-23T07:30:16.344
lnts50,UnoSolver,LOCALLY_SOLVED,0.5681254,0.5546687621884377,0.5547,2.0092501165641993e-5,0.40754998840431744,NaN,0,2026-05-23T07:30:17.483
meanvar,UnoSolver,ITERATION_LIMIT,2.404259,4.838775515625192,5.2434,0.06480835512297912,0.4644362586454942,NaN,0,2026-05-23T07:30:19.915
mhw4d,UnoSolver,ERRO: LoadError,300.0,NaN,0.0293,NaN,NaN,NaN,0,2026-05-23T07:30:19.927
minlphi,UnoSolver,LOCALLY_SOLVED,0.0539156,582.2361420430406,582.2361,7.208579954816449e-8,535.1723078979029,NaN,0,2026-05-23T07:30:20.191
nemhaus,UnoSolver,LOCALLY_SOLVED,0.1011092,31.0,31.0,0.0,62.0,NaN,0,2026-05-23T07:30:20.310
otpop,UnoSolver,ERRO: LoadError,300.0,NaN,0.0,NaN,NaN,NaN,0,2026-05-23T07:30:20.468
pindyck,UnoSolver,ERRO: LoadError,300.0,NaN,-1612.1783,NaN,NaN,NaN,0,2026-05-23T07:30:20.608
pollut,UnoSolver,ERRO: LoadError,300.0,NaN,-5.3532686288e6,NaN,NaN,NaN,0,2026-05-23T07:30:20.655
polygon100,UnoSolver,LOCALLY_SOLVED,51.9758797,-0.7849911748959,-0.6791,0.06306424566487996,-0.03103459268142851,NaN,0,2026-05-23T07:31:22.521
polygon25,UnoSolver,LOCALLY_SOLVED,0.3761788,-0.7781975925828295,-0.7722,0.0033842639560035565,-0.16736647778552174,NaN,0,2026-05-23T07:31:23.584
polygon50,UnoSolver,LOCALLY_SOLVED,4.8927694,-0.7837858625137811,-0.7757,0.004553619707034512,-0.0806808024629535,NaN,0,2026-05-23T07:31:31.532
process,UnoSolver,LOCALLY_SOLVED,0.048423,-1161.3366023649207,-1161.3366,2.0346263267189513e-9,-2053.5852196570513,NaN,0,2026-05-23T07:31:31.620
prolog,UnoSolver,LOCALLY_SOLVED,0.0575231,1.0621852958438893,0.0,1.0621852958438893,-381.5487708342545,NaN,0,2026-05-23T07:31:31.746
qp1,UnoSolver,LOCALLY_SOLVED,0.0360084,0.0008093150503719615,0.0008,9.307604288530635e-6,0.0016186301007438493,NaN,0,2026-05-23T07:31:32.728
qp2,UnoSolver,LOCALLY_SOLVED,0.0395115,0.000809315050372017,0.0008,9.307604288586102e-6,0.001618630100743823,NaN,0,2026-05-23T07:31:33.146
qp3,UnoSolver,LOCALLY_SOLVED,0.0396187,0.0008093150503719294,0.0008,9.30760428849857e-6,0.0016186301007438569,NaN,0,2026-05-23T07:31:33.695
qp4,UnoSolver,LOCALLY_SOLVED,0.0390849,0.0008093150503719251,0.0008,9.307604288494236e-6,0.001618630100743893,NaN,0,2026-05-23T07:31:34.055
qp5,UnoSolver,LOCALLY_SOLVED,0.0356681,0.43145589662060424,0.4315,3.080920670328648e-5,0.4314558966206046,NaN,0,2026-05-23T07:31:34.444
ramsey,UnoSolver,ERRO: LoadError,300.0,NaN,-2.4875,NaN,NaN,NaN,0,2026-05-23T07:31:34.489
rbrock,UnoSolver,LOCALLY_SOLVED,0.1299573,-2.2413238069672636e-10,0.0,2.2413238069672636e-10,0.0,NaN,0,2026-05-23T07:31:34.639
robot50,UnoSolver,ERRO: LoadError,300.0,NaN,9.1469,NaN,NaN,NaN,0,2026-05-23T07:31:35.815
rocket100,UnoSolver,ITERATION_LIMIT,182.4699515,-1.0087731098710526,-1.0126,0.0019014658297462608,-0.9872227811339086,NaN,0,2026-05-23T07:34:39.784
rocket50,UnoSolver,OTHER_ERROR,28.4349926,-1.0128163330126527,-1.0128,8.11457305882489e-6,-4.5508295814557345,NaN,0,2026-05-23T07:35:08.989
sambal,UnoSolver,LOCALLY_SOLVED,0.064627,3.96822036176357,3.9682,4.098418656635859e-6,1028.0000000000002,NaN,0,2026-05-23T07:35:09.099
sample,UnoSolver,LOCALLY_SOLVED,0.043478,726.6793577763599,726.6367,5.8625102829302495e-5,0.0,NaN,0,2026-05-23T07:35:09.163
ship,UnoSolver,ERRO: LoadError,300.0,NaN,0.0,NaN,NaN,NaN,0,2026-05-23T07:35:09.209
srcpm,UnoSolver,ERRO: LoadError,300.0,NaN,2109.7818,NaN,NaN,NaN,0,2026-05-23T07:35:09.313
turkey,UnoSolver,OTHER_ERROR,10.0612535,-22210.510885124455,-29330.158,0.24273324342924152,-116.2385205774822,NaN,0,2026-05-23T07:35:20.855
wall,UnoSolver,LOCALLY_SOLVED,0.0341915,1.0000046575934247,-1.0,1.0000023287967124,0.5000046563910644,NaN,0,2026-05-23T07:35:20.915
water,UnoSolver,ERRO: LoadError,300.0,NaN,906.3519,NaN,NaN,NaN,0,2026-05-23T07:35:20.969
weapons,UnoSolver,ERRO: LoadError,300.0,NaN,-1735.57,NaN,NaN,NaN,0,2026-05-23T07:35:21.064
bearing,UnoSolver,ITERATION_LIMIT,14.7640658,1.2030105035553877,NaN,NaN,0.0,NaN,0,2026-05-27T17:10:41.929
camshape400,UnoSolver,ERRO: LoadError,300.0,NaN,NaN,NaN,NaN,NaN,0,2026-05-27T17:10:44.244
camshape800,UnoSolver,TIME_LIMIT,300.7809346,-4.589178558000046,NaN,NaN,1.1528978547212514,NaN,0,2026-05-27T17:15:50.101
catmix400,UnoSolver,ERRO: LoadError,300.0,NaN,NaN,NaN,NaN,NaN,0,2026-05-27T17:15:50.193
catmix800,UnoSolver,OTHER_ERROR,18.65048,-0.00010555796815844358,NaN,NaN,-1.0175520632910557,NaN,0,2026-05-27T17:16:17.188
ex8_2_2,UnoSolver,OTHER_ERROR,137.7134268,-150.0,NaN,NaN,0.0,NaN,0,2026-05-27T17:18:54.835
ex8_2_3,UnoSolver,DUAL_INFEASIBLE,3.2473497,-1.844674407370955e20,NaN,NaN,0.0,NaN,0,2026-05-27T17:19:29.883
ex8_2_5,UnoSolver,TIME_LIMIT,313.5174744,1.002197265625,NaN,NaN,14.877376276517072,NaN,0,2026-05-27T17:24:54.609
flowchan100,UnoSolver,TIME_LIMIT,300.4666774,0.0,NaN,NaN,0.0,NaN,0,2026-05-27T17:30:02.092
flowchan200,UnoSolver,TIME_LIMIT,301.6343969,0.0,NaN,NaN,0.0,NaN,0,2026-05-27T17:35:17.884
