Problema,Solver,Status,Tempo_Segundos,Valor_Objetivo,Timestamp
WM_CFy,Ipopt,ERRO: LoadError,300.0,NaN,2026-05-20T18:49:22.027
Weyl_m0,Ipopt,ERRO: UndefVarError,300.0,NaN,2026-05-20T19:51:15.521
arki0003,Ipopt,ITERATION_LIMIT,98.1311408,5119.413109354607,17159.46730860907,NaN,5000,2026-05-23T08:11:43.131
arki0009,Ipopt,ERRO: LoadError,300.0,NaN,NaN,NaN,0,2026-05-23T08:11:54.378
bearing_400,Ipopt,ERRO: LoadError,300.0,NaN,NaN,NaN,0,2026-05-23T08:11:55.361
camshape_6400,Ipopt,LOCALLY_SOLVED,3.0745827,4.447805079576057,10142.17155870439,NaN,44,2026-05-23T08:11:59.609
clnlbeam,Ipopt,ERRO: LoadError,300.0,NaN,NaN,NaN,0,2026-05-23T08:12:02.260
cont5_1_l,Ipopt,LOCALLY_SOLVED,7.8814811,2.720993817785673,2.331208344931415,NaN,13,2026-05-23T08:12:11.802
cont5_2_1_l,Ipopt,LOCALLY_SOLVED,16.9331342,0.0007127773999269138,0.06285506968127172,NaN,30,2026-05-23T08:12:30.639
cont5_2_2_l,Ipopt,LOCALLY_SOLVED,24.6770607,0.0005867173879295167,0.0627897888876665,NaN,36,2026-05-23T08:12:56.767
cont5_2_3_l,Ipopt,LOCALLY_SOLVED,138.1239085,0.000828092428209527,0.04534080742086007,NaN,122,2026-05-23T08:15:16.942
cont5_2_4_l,Ipopt,LOCALLY_SOLVED,6.9915186,0.06637721732159257,0.06661508542215107,NaN,9,2026-05-23T08:15:26.805
corkscrw,Ipopt,LOCALLY_SOLVED,26.7291064,98.09641111368981,98.10647103238419,NaN,380,2026-05-23T08:15:54.444
dirichlet120,Ipopt,ERRO: LoadError,300.0,NaN,NaN,NaN,0,2026-05-23T08:15:54.456
dtoc1nd,Ipopt,LOCALLY_SOLVED,2.1215132,136.45580216202495,0.0,NaN,8,2026-05-23T08:15:59.926
dtoc2,Ipopt,TIME_LIMIT,3304.0734723,2.8733731439541956,0.0,NaN,1,2026-05-23T09:11:16.058
elec_400,Ipopt,TIME_LIMIT,310.578106,75608.01749174569,0.0,NaN,50,2026-05-23T09:16:28.960
ex1_160,Ipopt,LOCALLY_SOLVED,6.9733608,0.06472872535802845,0.06336553108882373,NaN,7,2026-05-23T09:43:14.908
ex1_320,Ipopt,SKIP_MANUAL,0.0,NaN,NaN,NaN,0,2026-05-23T16:56:31
ex2_160,Ipopt,LOCALLY_SOLVED,9.9335206,0.059718151318587605,0.056398508351320015,NaN,8,2026-05-23T17:13:02.945
ex2_320,Ipopt,SKIP_MANUAL,0.0,NaN,NaN,NaN,0,2026-05-24T09:37:18
ex3_320,Ipopt,SKIP_MANUAL,0.0,NaN,NaN,NaN,0,2026-05-24T09:37:28
ex3_160,Ipopt,LOCALLY_SOLVED,9.8231723,0.11205353011717444,0.1053574812000728,NaN,9,2026-05-24T09:54:08.607
ex4_160,Ipopt,LOCALLY_SOLVED,4.0388583,0.08467574178991805,0.08186653186340247,NaN,7,2026-05-24T09:54:15.793
ex4_320,Ipopt,LOCALLY_SOLVED,18.0493439,0.08894696897832734,0.05041827659547238,NaN,7,2026-05-24T09:54:40.255
ex5_160,Ipopt,LOCALLY_SOLVED,4.8346776,0.06269642060140562,0.06557877098842706,NaN,9,2026-05-24T09:54:47.138
ex5_320,Ipopt,LOCALLY_SOLVED,22.3229297,0.08259591810021973,0.026735031208159704,NaN,8,2026-05-24T09:55:16.300
ex6_160,Ipopt,LOCALLY_SOLVED,5.5573353,-4.305340959883038,-1.3138896379725638,NaN,15,2026-05-24T09:55:26.160
ex6_320,Ipopt,LOCALLY_SOLVED,25.9679253,-4.329307615127577,-3.040077837888539,NaN,16,2026-05-24T09:55:57.843
ex8_2_2,Ipopt,ERRO: LoadError,300.0,NaN,NaN,NaN,0,2026-05-24T09:56:10.927
ex8_2_3,Ipopt,ERRO: LoadError,300.0,NaN,NaN,NaN,0,2026-05-24T09:56:29.001
gasoil_1600,Ipopt,LOCALLY_SOLVED,13.4039543,0.005236595840195899,-0.0698564685428002,NaN,15,2026-05-24T09:56:46.687
gasoil_3200,Ipopt,LOCALLY_SOLVED,28.8055518,0.005236595862869944,-0.06985717889781734,NaN,13,2026-05-24T09:57:21.486
henon120,Ipopt,ERRO: LoadError,300.0,NaN,NaN,NaN,0,2026-05-24T09:57:21.600
lane_emden80,Ipopt,ERRO: LoadError,300.0,NaN,NaN,NaN,0,2026-05-24T09:57:21.637
lukvle10,Ipopt,LOCALLY_SOLVED,51.6011553,88387.91671285979,0.0,NaN,11,2026-05-24T09:58:27.816
lukvle14,Ipopt,LOCALLY_SOLVED,27.7799474,1.9022872087964662e6,1.3374789351398863e6,NaN,17,2026-05-24T09:59:12.730
lukvli10,Ipopt,LOCALLY_SOLVED,73.112314,88387.93842216716,0.0,NaN,16,2026-05-24T10:00:44.661
lukvli14,Ipopt,LOCALLY_SOLVED,28.6467045,1.9022887185740797e6,1.3374792404501468e6,NaN,23,2026-05-24T10:01:49.221
marine_1600,Ipopt,LOCALLY_SOLVED,29.608984,1.9746529713153224e7,0.0,NaN,11,2026-05-24T10:02:30.606
optmass,Ipopt,ALMOST_LOCALLY_SOLVED,2.1805454,-0.10316849856762678,-0.12424228418497743,NaN,16,2026-05-24T10:02:39.268
pinene_1600,Ipopt,LOCALLY_SOLVED,27.4805365,19.872166934234166,288.6620356719269,NaN,11,2026-05-24T10:03:18.467
pinene_3200,Ipopt,LOCALLY_SOLVED,60.0577831,19.87216693424481,288.66203567196163,NaN,11,2026-05-24T10:04:40.327
qcqp1000-1c,Ipopt,LOCALLY_SOLVED,2.6944461,-85614.9392579802,-2183.0642960393575,NaN,53,2026-05-24T10:37:57.274
qcqp500-1c,Ipopt,LOCALLY_SOLVED,23.3253824,-2.9783785961063774e6,-1.261173251052059e6,NaN,199,2026-05-24T10:40:57.696
robot_1600,Ipopt,LOCALLY_SOLVED,2.7600781,9.141347675491676,14.566760565106541,NaN,37,2026-05-24T10:41:07.813
rocket_12800,Ipopt,TIME_LIMIT,319.233218,1.009852493226051,1.4434573061075383e6,NaN,41,2026-05-24T10:46:42.621
steering_12800,Ipopt,LOCALLY_SOLVED,24.7283844,0.5545708970689791,0.40615555593155395,NaN,21,2026-05-24T10:47:20.127
svanberg,Ipopt,LOCALLY_SOLVED,90.0786577,83623.82554536722,-0.026831695964826725,NaN,30,2026-05-24T10:49:41.805
ex3_320,MadNLP,SKIP_MANUAL,0.0,NaN,NaN,NaN,0,2026-05-24T10:59:21
ex2_320,MadNLP,SKIP_MANUAL,0.0,NaN,NaN,NaN,0,2026-05-24T10:59:41
ex1_320,MadNLP,SKIP_MANUAL,0.0,NaN,NaN,NaN,0,2026-05-24T11:00:37
arki0003,MadNLP,ITERATION_LIMIT,1571.8539928,-3795.1963417533543,-3795.191551386239,NaN,5000,2026-05-24T11:28:17.786
arki0009,MadNLP,ERRO: LoadError,300.0,NaN,NaN,NaN,0,2026-05-24T11:28:29.986
bearing_400,MadNLP,ERRO: LoadError,300.0,NaN,NaN,NaN,0,2026-05-24T11:28:31.564
camshape_6400,MadNLP,LOCALLY_SOLVED,5.5305846,4.447805079910424,10142.17290263034,NaN,44,2026-05-24T11:28:38.381
clnlbeam,MadNLP,ERRO: LoadError,300.0,NaN,NaN,NaN,0,2026-05-24T11:28:40.997
cont5_1_l,MadNLP,LOCALLY_SOLVED,15.265945,2.720993827252756,2.3155872112278004,NaN,13,2026-05-24T11:28:58.745
cont5_2_1_l,MadNLP,LOCALLY_SOLVED,35.1485252,0.0007127942285843162,0.049620572294991346,NaN,30,2026-05-24T11:29:35.650
cont5_2_2_l,MadNLP,LOCALLY_SOLVED,37.7409076,0.0005867104609036075,0.049201545848403264,NaN,35,2026-05-24T11:30:15.329
cont5_2_3_l,MadNLP,LOCALLY_SOLVED,20.3342855,0.0008281469460745909,0.058280200389645855,NaN,39,2026-05-24T11:30:38.455
cont5_2_4_l,MadNLP,LOCALLY_SOLVED,16.7152853,0.06637797401073046,0.06658077654249632,NaN,8,2026-05-24T11:30:58.445
corkscrw,MadNLP,LOCALLY_SOLVED,32.6554197,98.0964110416422,98.10383396036232,NaN,303,2026-05-24T11:31:32.115
dirichlet120,MadNLP,ERRO: LoadError,300.0,NaN,NaN,NaN,0,2026-05-24T11:31:32.138
dtoc1nd,MadNLP,LOCALLY_SOLVED,1.6336334,136.455802162025,0.0,NaN,8,2026-05-24T11:31:36.625
dtoc2,MadNLP,SKIP_MANUAL,0.0,NaN,NaN,NaN,0,2026-05-24T17:07:08
elec_400,MadNLP,LOCALLY_SOLVED,859.0672763,75583.2191329331,0.0,NaN,125,2026-05-24T17:21:55.857
ex1_160,MadNLP,LOCALLY_SOLVED,5.4076963,0.06477207905723226,0.06302090203105887,NaN,6,2026-05-24T17:46:35.082
ex2_160,MadNLP,LOCALLY_SOLVED,5.0355235,0.05965731010704434,0.05635891651473674,NaN,7,2026-05-24T18:02:59.050
ex3_160,MadNLP,LOCALLY_SOLVED,4.9627021,0.11205350299319998,0.10535845430712067,NaN,8,2026-05-24T18:19:01.757
ex4_160,MadNLP,LOCALLY_SOLVED,3.9361289,0.08033815793073693,0.09602301587496606,NaN,8,2026-05-24T18:19:08.390
ex4_320,MadNLP,LOCALLY_SOLVED,21.9259555,0.08889543445595628,0.05052083530907364,NaN,7,2026-05-24T18:19:40.429
ex5_160,MadNLP,LOCALLY_SOLVED,10.135424,0.06054960803287045,0.0681682269756915,NaN,8,2026-05-24T18:19:54.831
ex5_320,MadNLP,LOCALLY_SOLVED,48.2333221,0.07624344894033948,0.03386799249128809,NaN,7,2026-05-24T18:21:07.410
ex6_160,MadNLP,LOCALLY_SOLVED,10.9291178,-4.3052941515742456,-1.3271468811772196,NaN,13,2026-05-24T18:21:22.878
ex6_320,MadNLP,LOCALLY_SOLVED,47.4005252,-4.3293087032972615,-3.0394794122113944,NaN,15,2026-05-24T18:22:26.890
ex8_2_2,MadNLP,ERRO: LoadError,300.0,NaN,NaN,NaN,0,2026-05-24T18:22:36.758
ex8_2_3,MadNLP,ERRO: LoadError,300.0,NaN,NaN,NaN,0,2026-05-24T18:23:00.034
gasoil_1600,MadNLP,LOCALLY_SOLVED,647.789044,0.005236595861105549,-0.06985712572466234,NaN,1116,2026-05-24T18:33:50.140
gasoil_3200,MadNLP,LOCALLY_SOLVED,886.0992991,0.0052365958608891865,-0.06985712051517386,NaN,795,2026-05-24T18:48:40.922
henon120,MadNLP,ERRO: LoadError,300.0,NaN,NaN,NaN,0,2026-05-24T18:48:41.022
lane_emden80,MadNLP,ERRO: LoadError,300.0,NaN,NaN,NaN,0,2026-05-24T18:48:41.041
lukvle10,MadNLP,LOCALLY_SOLVED,63.3299914,88387.91671285979,0.0,NaN,11,2026-05-24T18:50:00.256
lukvle14,MadNLP,LOCALLY_SOLVED,29.2570653,1.9022872087964662e6,1.3374789351398863e6,NaN,17,2026-05-24T18:50:48.348
lukvli10,MadNLP,LOCALLY_SOLVED,91.331646,88387.93842216715,0.0,NaN,16,2026-05-24T18:52:30.556
lukvli14,MadNLP,ITERATION_LIMIT,5211.082721,7.6805470161675885e6,3.4547502420918387e6,NaN,5000,2026-05-24T20:19:50.812
marine_1600,MadNLP,LOCALLY_SOLVED,906.0666134,1.9746529713153224e7,0.0,NaN,11,2026-05-24T20:35:04.559
optmass,MadNLP,LOCALLY_SOLVED,13.1690813,-0.1195259612171653,-0.12325926281551602,NaN,24,2026-05-24T20:35:26.425
pinene_1600,MadNLP,LOCALLY_SOLVED,28.1300751,19.872166934234198,288.66203567192247,NaN,11,2026-05-24T20:36:07.015
pinene_3200,MadNLP,LOCALLY_SOLVED,68.8464167,19.8721669342448,288.6620356719579,NaN,11,2026-05-24T20:37:35.094
qcqp1000-1c,MadNLP,LOCALLY_SOLVED,2.8628775,-85614.9392792778,-2183.064341473645,NaN,51,2026-05-24T21:08:28.321
qcqp500-1c,MadNLP,ITERATION_LIMIT,283.2014554,-1.3077103643646485e6,-215381.60743824113,NaN,5000,2026-05-24T21:15:43.017
robot_1600,MadNLP,LOCALLY_SOLVED,7.7468124,9.141347671556929,14.565727473719011,NaN,34,2026-05-24T21:15:52.040
rocket_12800,MadNLP,LOCALLY_SOLVED,1302.5891498,1.0114146864394473,4.056681426093665,NaN,112,2026-05-24T21:37:42.313
steering_12800,MadNLP,LOCALLY_SOLVED,51.2935345,0.5545708970671106,0.40615555591797226,NaN,19,2026-05-24T21:38:38.748
svanberg,MadNLP,LOCALLY_SOLVED,98.6237718,83623.82554537295,-0.03187729885637883,NaN,30,2026-05-24T21:40:45.949arki0003,NLopt,ERRO: ArgumentError,300.0,NaN,NaN,NaN,0,2026-05-25T02:34:57.457
arki0003,NLopt,OTHER_ERROR,15413.5035119,5.664091977170043e8,NaN,NaN,0,2026-05-25T07:01:06.092
arki0009,NLopt,ERRO: LoadError,300.0,NaN,NaN,NaN,0,2026-05-25T07:01:17.061
bearing_400,NLopt,ERRO: ReadOnlyMemoryError,300.0,NaN,NaN,NaN,0,2026-05-25T07:01:26.432
camshape_6400,NLopt,ERRO: LoadError,300.0,NaN,NaN,NaN,0,2026-05-25T07:01:26.488
clnlbeam,NLopt,ERRO: LoadError,300.0,NaN,NaN,NaN,0,2026-05-25T07:01:29.447
cont5_1_l,NLopt,ERRO: ReadOnlyMemoryError,300.0,NaN,NaN,NaN,0,2026-05-25T07:01:31.614
cont5_2_1_l,NLopt,MEMORY_LIMIT,0.1331536,Inf,NaN,NaN,0,2026-05-25T07:01:32.869
cont5_2_2_l,NLopt,MEMORY_LIMIT,0.3627832,Inf,NaN,NaN,0,2026-05-25T07:01:34.916
cont5_2_3_l,NLopt,ERRO: ReadOnlyMemoryError,300.0,NaN,NaN,NaN,0,2026-05-25T07:01:37.350
cont5_2_4_l,NLopt,MEMORY_LIMIT,0.1345675,Inf,NaN,NaN,0,2026-05-25T07:01:40.107
corkscrw,NLopt,INVALID_OPTION,0.0717848,Inf,NaN,NaN,0,2026-05-25T07:01:41.206
dirichlet120,NLopt,MEMORY_LIMIT,9.9370435,Inf,NaN,NaN,0,2026-05-25T07:02:06.918
dtoc1nd,NLopt,SKIP_MANUAL,0.0,NaN,NaN,NaN,0,2026-05-25T21:16:35
dtoc2,NLopt,ERRO: CapturedException,300.0,NaN,NaN,NaN,0,2026-05-25T21:17:20.339
elec_400,NLopt,LOCALLY_SOLVED,4518.6416441,75582.9839945482,0.0,NaN,0,2026-05-25T22:32:41.786
ex1_160,NLopt,ERRO: ReadOnlyMemoryError,300.0,NaN,NaN,NaN,0,2026-05-25T22:56:43.727
dtoc1nd,ex1_320,SKIP_MANUAL,0.0,NaN,NaN,NaN,0,2026-05-26T03:03:02
ex1_320,SKIP_MANUAL,0.0,NaN,NaN,NaN,0,2026-05-26T03:03:52
ex1_320,NLopt,SKIP_MANUAL,0.0,NaN,NaN,NaN,0,2026-05-26T03:04:37
ex2_160,NLopt,ERRO: ReadOnlyMemoryError,300.0,NaN,NaN,NaN,0,2026-05-26T03:20:06.937
ex2_320,MadNLP,SKIP_MANUAL,0.0,NaN,NaN,NaN,0,2026-05-26T11:13:39
ex2_320,NLopt,SKIP_MANUAL,0.0,NaN,NaN,NaN,0,2026-05-26T11:14:31
ex3_160,NLopt,ERRO: ReadOnlyMemoryError,300.0,NaN,NaN,NaN,0,2026-05-26T11:29:37.249
ex3_160,NLopt,SKIP_MANUAL,0.0,NaN,NaN,NaN,0,2026-05-26T19:43:36
ex3_320,NLopt,ERRO: CapturedException,300.0,NaN,NaN,NaN,0,2026-05-27T01:58:16.167
ex4_160,NLopt,ERRO: CapturedException,300.0,NaN,NaN,NaN,0,2026-05-27T01:58:26.840
ex4_320,NLopt,ERRO: ReadOnlyMemoryError,300.0,NaN,NaN,NaN,0,2026-05-27T01:58:36.243
ex5_160,NLopt,ERRO: CapturedException,300.0,NaN,NaN,NaN,0,2026-05-27T01:58:40.006
ex5_320,NLopt,ERRO: ReadOnlyMemoryError,300.0,NaN,NaN,NaN,0,2026-05-27T01:58:48.061
ex6_160,NLopt,ERRO: ReadOnlyMemoryError,300.0,NaN,NaN,NaN,0,2026-05-27T01:58:49.428
ex6_320,NLopt,MEMORY_LIMIT,6.2694164,Inf,NaN,NaN,0,2026-05-27T01:59:02.153
ex8_2_2,NLopt,ERRO: LoadError,300.0,NaN,NaN,NaN,0,2026-05-27T01:59:10.059
ex8_2_3,NLopt,ERRO: LoadError,300.0,NaN,NaN,NaN,0,2026-05-27T01:59:36.988
gasoil_1600,NLopt,SKIP_MANUAL,0.0,NaN,NaN,NaN,0,2026-05-27T15:58:13
gasoil_3200,NLopt,ERRO: ReadOnlyMemoryError,300.0,NaN,NaN,NaN,0,2026-05-27T15:59:28.151
henon120,NLopt,MEMORY_LIMIT,7.9333451,Inf,NaN,NaN,0,2026-05-27T15:59:59.195
lane_emden80,NLopt,MEMORY_LIMIT,5.8933506,Inf,NaN,NaN,0,2026-05-27T16:00:15.535
lukvle10,NLopt,ERRO: ReadOnlyMemoryError,300.0,NaN,NaN,NaN,0,2026-05-27T16:00:23.843
lukvle14,NLopt,MEMORY_LIMIT,7.463112,Inf,NaN,NaN,0,2026-05-27T16:00:38.987
lukvli10,NLopt,MEMORY_LIMIT,13.0873029,Inf,0.0,NaN,0,2026-05-27T16:01:01.220
lukvli14,NLopt,MEMORY_LIMIT,18.9025516,Inf,NaN,NaN,0,2026-05-27T16:01:31.466
marine_1600,NLopt,ERRO: ReadOnlyMemoryError,300.0,NaN,NaN,NaN,0,2026-05-27T16:01:46.954
optmass,NLopt,MEMORY_LIMIT,0.2146259,Inf,NaN,NaN,0,2026-05-27T16:01:48.077
pinene_1600,NLopt,MEMORY_LIMIT,4.6442414,Inf,NaN,NaN,0,2026-05-27T16:02:03.403
pinene_3200,NLopt,MEMORY_LIMIT,13.0569479,Inf,NaN,NaN,0,2026-05-27T16:02:28.572
qcqp1000-1c,NLopt,ALMOST_LOCALLY_SOLVED,1656.3186285,-85614.93928872093,NaN,NaN,0,2026-05-27T16:54:53.115
qcqp500-1c,NLopt,ALMOST_LOCALLY_SOLVED,312.1204133,-3.125716271896378e6,NaN,NaN,0,2026-05-27T17:03:03.136
robot_1600,NLopt,MEMORY_LIMIT,0.2417468,Inf,NaN,NaN,0,2026-05-27T17:03:05.050
rocket_12800,NLopt,MEMORY_LIMIT,9.0473166,-Inf,NaN,NaN,0,2026-05-27T17:03:19.228
steering_12800,NLopt,MEMORY_LIMIT,9.5924728,Inf,NaN,NaN,0,2026-05-27T17:03:34.878
svanberg,NLopt,MEMORY_LIMIT,39.0812215,Inf,NaN,NaN,0,2026-05-27T17:04:35.262
arki0003,UnoSolver,TIME_LIMIT,307.0005158,-1840.0,47744.24882847423,NaN,0,2026-05-27T19:34:24.775
arki0009,UnoSolver,ERRO: LoadError,300.0,NaN,NaN,NaN,0,2026-05-27T19:34:35.745
bearing_400,UnoSolver,TIME_LIMIT,356.1550695,14.891298908224814,0.0,NaN,0,2026-05-27T19:40:35.673
camshape_6400,UnoSolver,ERRO: LoadError,300.0,NaN,NaN,NaN,0,2026-05-27T19:40:35.713
clnlbeam,UnoSolver,ERRO: LoadError,300.0,NaN,NaN,NaN,0,2026-05-27T19:40:38.409
cont5_1_l,UnoSolver,TIME_LIMIT,471.2846091,2.631307871598999,2.150461614041691,NaN,0,2026-05-27T19:48:31.332
cont5_2_1_l,UnoSolver,TIME_LIMIT,332.0012891,0.0006563734144682943,0.06601957200480812,NaN,0,2026-05-27T19:54:04.434
